[2025-07-29 15:16:16,150] [INFO] [real_accelerator.py:254:get_accelerator] Setting ds_accelerator to cuda (auto detect)
[2025-07-29 15:16:18,396] [INFO] [logging.py:107:log_dist] [Rank -1] [TorchCheckpointEngine] Initialized with serialization = False
[2025-07-29 15:16:19,739] [WARNING] [runner.py:220:fetch_hostfile] Unable to find hostfile, will proceed with training with local resources only.
[2025-07-29 15:16:19,740] [INFO] [runner.py:610:main] cmd = /usr/bin/python -u -m deepspeed.launcher.launch --world_info=eyJsb2NhbGhvc3QiOiBbMCwgMSwgMiwgM119 --master_addr=127.0.0.1 --master_port=29500 --enable_each_rank_log=None open_flamingo/train/finetune.py --vision_encoder_path google/siglip-so400m-patch14-384 --vision_encoder_precision bf16 --num_vision_tokens 128 --vision_tokenizer_precision bf16 --vision_encoder_compile --vision_tokenizer_compile --lang_model_path microsoft/Phi-3-mini-4k-instruct --lang_model_precision bf16 --lang_model_lora --gradient_checkpointing --pretrained base_model_weight/xgen-mm-phi3-mini-instruct-interleave-r-v1.5.pt --base_data_dir datasets --dataset_config config.yaml --dataset_name main --num_train_workers 16 --num_val_workers 8 --sampler stratified --anyres_patch_sampling --compile_transforms --train_micro_batch_size_per_gpu 8 --do_train --num_epochs 20 --warmup_steps 336 --training_precision bf16 --lora_r 16 --lora_dropout 0.025 --gradient_accumulation_steps 4 --learning_rate 3e-5 --weight_decay 0.005 --loss_ce_weight 1.0 --ce_pos_weight 1.0 --loss_bce_weight 0.0 --bce_pos_weight 2.3378 --loss_gd_weight 0.0 --gd_norm square --loss_tvl_weight 0.0 --tvl_beta 0.7 --soft_loss --deepspeed_config open_flamingo/deepspeed_config/zero2_offload.json --deepspeed --val_batch_size 6 --do_val --float_sanity_epoch 0.2 --num_val_samples 720 --num_val_beams 1 --num_val_per_epoch 1 --monitor R1-at-0.7 --logging_steps 2 --checkpoint_every_n_val 1 --checkpoint_save_top_k 12 --checkpoint_dir /workspace/checkpoints --run_name blip3-mr_grandfinale --seed 2109 --resume_from_latest --report_to_wandb --wandb_project blip3-mr-qvh --wandb_entity bagas-jiwanta
[2025-07-29 15:16:21,215] [INFO] [real_accelerator.py:254:get_accelerator] Setting ds_accelerator to cuda (auto detect)
[2025-07-29 15:16:23,413] [INFO] [logging.py:107:log_dist] [Rank -1] [TorchCheckpointEngine] Initialized with serialization = False
[2025-07-29 15:16:24,737] [INFO] [launch.py:139:main] 0 NCCL_P2P_DISABLE=1
[2025-07-29 15:16:24,737] [INFO] [launch.py:146:main] WORLD INFO DICT: {'localhost': [0, 1, 2, 3]}
[2025-07-29 15:16:24,737] [INFO] [launch.py:152:main] nnodes=1, num_local_procs=4, node_rank=0
[2025-07-29 15:16:24,737] [INFO] [launch.py:163:main] global_rank_mapping=defaultdict(<class 'list'>, {'localhost': [0, 1, 2, 3]})
[2025-07-29 15:16:24,737] [INFO] [launch.py:164:main] dist_world_size=4
[2025-07-29 15:16:24,737] [INFO] [launch.py:168:main] Setting CUDA_VISIBLE_DEVICES=0,1,2,3
[2025-07-29 15:16:24,738] [INFO] [launch.py:256:main] process 338665 spawned with command: ['/usr/bin/python', '-u', 'open_flamingo/train/finetune.py', '--local_rank=0', '--vision_encoder_path', 'google/siglip-so400m-patch14-384', '--vision_encoder_precision', 'bf16', '--num_vision_tokens', '128', '--vision_tokenizer_precision', 'bf16', '--vision_encoder_compile', '--vision_tokenizer_compile', '--lang_model_path', 'microsoft/Phi-3-mini-4k-instruct', '--lang_model_precision', 'bf16', '--lang_model_lora', '--gradient_checkpointing', '--pretrained', 'base_model_weight/xgen-mm-phi3-mini-instruct-interleave-r-v1.5.pt', '--base_data_dir', 'datasets', '--dataset_config', 'config.yaml', '--dataset_name', 'main', '--num_train_workers', '16', '--num_val_workers', '8', '--sampler', 'stratified', '--anyres_patch_sampling', '--compile_transforms', '--train_micro_batch_size_per_gpu', '8', '--do_train', '--num_epochs', '20', '--warmup_steps', '336', '--training_precision', 'bf16', '--lora_r', '16', '--lora_dropout', '0.025', '--gradient_accumulation_steps', '4', '--learning_rate', '3e-5', '--weight_decay', '0.005', '--loss_ce_weight', '1.0', '--ce_pos_weight', '1.0', '--loss_bce_weight', '0.0', '--bce_pos_weight', '2.3378', '--loss_gd_weight', '0.0', '--gd_norm', 'square', '--loss_tvl_weight', '0.0', '--tvl_beta', '0.7', '--soft_loss', '--deepspeed_config', 'open_flamingo/deepspeed_config/zero2_offload.json', '--deepspeed', '--val_batch_size', '6', '--do_val', '--float_sanity_epoch', '0.2', '--num_val_samples', '720', '--num_val_beams', '1', '--num_val_per_epoch', '1', '--monitor', 'R1-at-0.7', '--logging_steps', '2', '--checkpoint_every_n_val', '1', '--checkpoint_save_top_k', '12', '--checkpoint_dir', '/workspace/checkpoints', '--run_name', 'blip3-mr_grandfinale', '--seed', '2109', '--resume_from_latest', '--report_to_wandb', '--wandb_project', 'blip3-mr-qvh', '--wandb_entity', 'bagas-jiwanta']
[2025-07-29 15:16:24,739] [INFO] [launch.py:256:main] process 338666 spawned with command: ['/usr/bin/python', '-u', 'open_flamingo/train/finetune.py', '--local_rank=1', '--vision_encoder_path', 'google/siglip-so400m-patch14-384', '--vision_encoder_precision', 'bf16', '--num_vision_tokens', '128', '--vision_tokenizer_precision', 'bf16', '--vision_encoder_compile', '--vision_tokenizer_compile', '--lang_model_path', 'microsoft/Phi-3-mini-4k-instruct', '--lang_model_precision', 'bf16', '--lang_model_lora', '--gradient_checkpointing', '--pretrained', 'base_model_weight/xgen-mm-phi3-mini-instruct-interleave-r-v1.5.pt', '--base_data_dir', 'datasets', '--dataset_config', 'config.yaml', '--dataset_name', 'main', '--num_train_workers', '16', '--num_val_workers', '8', '--sampler', 'stratified', '--anyres_patch_sampling', '--compile_transforms', '--train_micro_batch_size_per_gpu', '8', '--do_train', '--num_epochs', '20', '--warmup_steps', '336', '--training_precision', 'bf16', '--lora_r', '16', '--lora_dropout', '0.025', '--gradient_accumulation_steps', '4', '--learning_rate', '3e-5', '--weight_decay', '0.005', '--loss_ce_weight', '1.0', '--ce_pos_weight', '1.0', '--loss_bce_weight', '0.0', '--bce_pos_weight', '2.3378', '--loss_gd_weight', '0.0', '--gd_norm', 'square', '--loss_tvl_weight', '0.0', '--tvl_beta', '0.7', '--soft_loss', '--deepspeed_config', 'open_flamingo/deepspeed_config/zero2_offload.json', '--deepspeed', '--val_batch_size', '6', '--do_val', '--float_sanity_epoch', '0.2', '--num_val_samples', '720', '--num_val_beams', '1', '--num_val_per_epoch', '1', '--monitor', 'R1-at-0.7', '--logging_steps', '2', '--checkpoint_every_n_val', '1', '--checkpoint_save_top_k', '12', '--checkpoint_dir', '/workspace/checkpoints', '--run_name', 'blip3-mr_grandfinale', '--seed', '2109', '--resume_from_latest', '--report_to_wandb', '--wandb_project', 'blip3-mr-qvh', '--wandb_entity', 'bagas-jiwanta']
[2025-07-29 15:16:24,739] [INFO] [launch.py:256:main] process 338667 spawned with command: ['/usr/bin/python', '-u', 'open_flamingo/train/finetune.py', '--local_rank=2', '--vision_encoder_path', 'google/siglip-so400m-patch14-384', '--vision_encoder_precision', 'bf16', '--num_vision_tokens', '128', '--vision_tokenizer_precision', 'bf16', '--vision_encoder_compile', '--vision_tokenizer_compile', '--lang_model_path', 'microsoft/Phi-3-mini-4k-instruct', '--lang_model_precision', 'bf16', '--lang_model_lora', '--gradient_checkpointing', '--pretrained', 'base_model_weight/xgen-mm-phi3-mini-instruct-interleave-r-v1.5.pt', '--base_data_dir', 'datasets', '--dataset_config', 'config.yaml', '--dataset_name', 'main', '--num_train_workers', '16', '--num_val_workers', '8', '--sampler', 'stratified', '--anyres_patch_sampling', '--compile_transforms', '--train_micro_batch_size_per_gpu', '8', '--do_train', '--num_epochs', '20', '--warmup_steps', '336', '--training_precision', 'bf16', '--lora_r', '16', '--lora_dropout', '0.025', '--gradient_accumulation_steps', '4', '--learning_rate', '3e-5', '--weight_decay', '0.005', '--loss_ce_weight', '1.0', '--ce_pos_weight', '1.0', '--loss_bce_weight', '0.0', '--bce_pos_weight', '2.3378', '--loss_gd_weight', '0.0', '--gd_norm', 'square', '--loss_tvl_weight', '0.0', '--tvl_beta', '0.7', '--soft_loss', '--deepspeed_config', 'open_flamingo/deepspeed_config/zero2_offload.json', '--deepspeed', '--val_batch_size', '6', '--do_val', '--float_sanity_epoch', '0.2', '--num_val_samples', '720', '--num_val_beams', '1', '--num_val_per_epoch', '1', '--monitor', 'R1-at-0.7', '--logging_steps', '2', '--checkpoint_every_n_val', '1', '--checkpoint_save_top_k', '12', '--checkpoint_dir', '/workspace/checkpoints', '--run_name', 'blip3-mr_grandfinale', '--seed', '2109', '--resume_from_latest', '--report_to_wandb', '--wandb_project', 'blip3-mr-qvh', '--wandb_entity', 'bagas-jiwanta']
[2025-07-29 15:16:24,740] [INFO] [launch.py:256:main] process 338668 spawned with command: ['/usr/bin/python', '-u', 'open_flamingo/train/finetune.py', '--local_rank=3', '--vision_encoder_path', 'google/siglip-so400m-patch14-384', '--vision_encoder_precision', 'bf16', '--num_vision_tokens', '128', '--vision_tokenizer_precision', 'bf16', '--vision_encoder_compile', '--vision_tokenizer_compile', '--lang_model_path', 'microsoft/Phi-3-mini-4k-instruct', '--lang_model_precision', 'bf16', '--lang_model_lora', '--gradient_checkpointing', '--pretrained', 'base_model_weight/xgen-mm-phi3-mini-instruct-interleave-r-v1.5.pt', '--base_data_dir', 'datasets', '--dataset_config', 'config.yaml', '--dataset_name', 'main', '--num_train_workers', '16', '--num_val_workers', '8', '--sampler', 'stratified', '--anyres_patch_sampling', '--compile_transforms', '--train_micro_batch_size_per_gpu', '8', '--do_train', '--num_epochs', '20', '--warmup_steps', '336', '--training_precision', 'bf16', '--lora_r', '16', '--lora_dropout', '0.025', '--gradient_accumulation_steps', '4', '--learning_rate', '3e-5', '--weight_decay', '0.005', '--loss_ce_weight', '1.0', '--ce_pos_weight', '1.0', '--loss_bce_weight', '0.0', '--bce_pos_weight', '2.3378', '--loss_gd_weight', '0.0', '--gd_norm', 'square', '--loss_tvl_weight', '0.0', '--tvl_beta', '0.7', '--soft_loss', '--deepspeed_config', 'open_flamingo/deepspeed_config/zero2_offload.json', '--deepspeed', '--val_batch_size', '6', '--do_val', '--float_sanity_epoch', '0.2', '--num_val_samples', '720', '--num_val_beams', '1', '--num_val_per_epoch', '1', '--monitor', 'R1-at-0.7', '--logging_steps', '2', '--checkpoint_every_n_val', '1', '--checkpoint_save_top_k', '12', '--checkpoint_dir', '/workspace/checkpoints', '--run_name', 'blip3-mr_grandfinale', '--seed', '2109', '--resume_from_latest', '--report_to_wandb', '--wandb_project', 'blip3-mr-qvh', '--wandb_entity', 'bagas-jiwanta']
[2025-07-29 15:16:26,564] [INFO] [real_accelerator.py:254:get_accelerator] Setting ds_accelerator to cuda (auto detect)
[2025-07-29 15:16:26,606] [INFO] [real_accelerator.py:254:get_accelerator] Setting ds_accelerator to cuda (auto detect)
[2025-07-29 15:16:26,795] [INFO] [real_accelerator.py:254:get_accelerator] Setting ds_accelerator to cuda (auto detect)
[2025-07-29 15:16:26,811] [INFO] [real_accelerator.py:254:get_accelerator] Setting ds_accelerator to cuda (auto detect)
[2025-07-29 15:16:28,944] [INFO] [logging.py:107:log_dist] [Rank -1] [TorchCheckpointEngine] Initialized with serialization = False
[2025-07-29 15:16:29,063] [INFO] [logging.py:107:log_dist] [Rank -1] [TorchCheckpointEngine] Initialized with serialization = False
[2025-07-29 15:16:29,572] [INFO] [logging.py:107:log_dist] [Rank -1] [TorchCheckpointEngine] Initialized with serialization = False
[2025-07-29 15:16:29,845] [INFO] [logging.py:107:log_dist] [Rank -1] [TorchCheckpointEngine] Initialized with serialization = False
[2025-07-29 15:16:31,272] [INFO] [comm.py:821:init_distributed] cdb=None
[2025-07-29 15:16:31,282] [INFO] [comm.py:821:init_distributed] cdb=None

[07/29 15:16:31] TF32 and TF32 matmul is set to True since GPU is capable
--- Parsed Arguments by Group ---

--- positional arguments ---

--- options ---
  (No arguments explicitly defined in this group)

--- Vision Encoder ---
  vision_encoder_path: google/siglip-so400m-patch14-384
  vision_encoder_precision: bf16
  vision_encoder_compile: True

--- Vision Tokenizer ---
  num_vision_tokens: 128
  pretrained_vision_tokenizer: None
  vision_tokenizer_precision: bf16
  vision_tokenizer_time_embeds: None
  vision_tokenizer_train: False
  vision_tokenizer_lora: False
  vision_tokenizer_compile: True

--- Language Model ---
  lang_model_path: microsoft/Phi-3-mini-4k-instruct
  tokenizer_path: microsoft/Phi-3-mini-4k-instruct
  lang_model_precision: bf16
  lang_model_train: True
  lang_model_lora: True

--- Training ---
  run_name: blip3-mr_grandfinale
  gradient_accumulation_steps: 4
  learning_rate: 3e-05
  warmup_steps: 336
  training_precision: bf16
  gradient_checkpointing: True
  num_epochs: 20
  lora: True
  lora_r: 16
  lora_dropout: 0.025
  float_sanity_epoch: 0.2
  num_sanity_steps: 0
  use_generation_scores_for_eval: False
  num_val_beams: 1
  weight_decay: 0.005
  val_thresholds: [0.1, 0.125, 0.15000000000000002, 0.17500000000000002, 0.2, 0.225, 0.25, 0.275, 0.30000000000000004, 0.325, 0.35000000000000003, 0.375, 0.4, 0.42500000000000004, 0.45, 0.47500000000000003, 0.5]
  do_val: True
  do_train: True
  num_val_per_epoch: 1

--- Loss ---
  loss_ce_weight: 1.0
  loss_gd_weight: 0.0
  loss_bce_weight: 0.0
  bce_pos_weight: 2.3378
  soft_loss: True
  ce_pos_weight: 1.0
  gd_norm: square
  loss_tvl_weight: 0.0
  tvl_beta: 0.7

--- Checkpointing ---
  pretrained: base_model_weight/xgen-mm-phi3-mini-instruct-interleave-r-v1.5.pt
  lora_pretrained: None
  checkpoint_dir: /workspace/checkpoints
  checkpoint_every_n_epoch: 1
  checkpoint_save_top_k: 12
  resume_from_checkpoint: None
  monitor: R1-at-0.7
  load_module_only: False
  checkpoint_save_frozen_parameters: False
  resume_from_best: False
  resume_from_latest: True
  checkpoint_every_n_val: 1

--- Data ---
  base_data_dir: datasets
  dataset_name: main
  dataset_config: config.yaml
  train_micro_batch_size_per_gpu: 8
  val_batch_size: 6
  num_train_workers: 16
  num_val_workers: 8
  image_aspect_ratio: anyres
  anyres_patch_sampling: True
  num_train_samples: 0
  num_val_samples: 720
  sampler: stratified
  compile_transforms: True

--- Distributed Training ---
  local_rank: 0

--- Logging ---
  logging_steps: 2
  report_to_wandb: True
  wandb_project: blip3-mr-qvh
  wandb_entity: bagas-jiwanta

--- Other ---
  seed: 2109

--- DeepSpeed ---
  deepspeed: True
  deepspeed_config: open_flamingo/deepspeed_config/zero2_offload.json

--- Other Attributes Added After Parsing ---
  rank: 0
  world_size: 4
[2025-07-29 15:16:31,764] [INFO] [comm.py:821:init_distributed] cdb=None
[2025-07-29 15:16:31,764] [INFO] [comm.py:852:init_distributed] Initializing TorchBackend in DeepSpeed with backend nccl
[2025-07-29 15:16:32,188] [INFO] [comm.py:821:init_distributed] cdb=None

[07/29 15:16:32] Loading HF model and tokenizer
Loading checkpoint shards:   0%|          | 0/2 [00:00<?, ?it/s]Loading checkpoint shards: 100%|██████████| 2/2 [00:00<00:00, 20.66it/s]
Loading checkpoint shards:   0%|          | 0/2 [00:00<?, ?it/s]Loading checkpoint shards: 100%|██████████| 2/2 [00:00<00:00, 81.59it/s]
Loading checkpoint shards:   0%|          | 0/2 [00:00<?, ?it/s]Loading checkpoint shards:   0%|          | 0/2 [00:00<?, ?it/s]Loading checkpoint shards: 100%|██████████| 2/2 [00:00<00:00, 87.54it/s]
Loading checkpoint shards: 100%|██████████| 2/2 [00:00<00:00, 90.69it/s]
BLIP-3 model initialized with 3,931,031,619 trainable parameters
==========Trainable Parameters
Vision encoder: 0 trainable parameters
Vision tokenizer: 109,901,568 trainable parameters
Language model: 3,821,130,051 trainable parameters
==========Total Parameters
Vision encoder: 428,225,600 parameters
Vision tokenizer: 109,901,568 parameters
Language model: 3,821,130,051 parameters
==========

[07/29 15:16:50] Loading and testing datasets and dataloaders
Train collator labels, input_ids, and attention_mask (first item):
labels.shape = torch.Size([2, 448])
tensor([32001, 29900, 29900, 29900, 29900, 29900, 29900, 29900, 29900, 29900,
        29900, 29900, 29900, 29896, 29896, 29896, 29896, 29896, 29896, 29896,
        29896, 29896, 29896, 29900, 29896, 29900, 32007])
tensor([32011, 32011, 32011, 32011, 29871, 32006,  3492,   526,   263, 15040,
         4863,  5663, 16837, 20255, 29889,   887,   674,  7150,   263,  4863,
          322,   263,  5199,  6354,  2346,  2183,   491,   278,  1404, 29889,
         7106,   278, 16608,   393,  7087,   278,  6354,  2346, 29889, 10306,
          278,  1962,  3402,  2183,   491,   278,  1404, 29889, 29871, 32007,
        32010,  3492,   526,  2183, 29871, 29906, 29945, 16608,  4559, 29881,
          515,   263,  4863, 29892, 10372,   322, 13055,   491, 25899,  4890,
        29892, 27541,   515, 29871, 29900,   304, 29871, 29906, 29946, 29901,
           13,  4308, 29871, 29900, 29901, 29871, 32012,    13,  4308, 29871,
        29896, 29901, 29871, 32012,    13,  4308, 29871, 29906, 29901, 29871,
        32012,    13,  4308, 29871, 29941, 29901, 29871, 32012,    13,  4308,
        29871, 29946, 29901, 29871, 32012,    13,  4308, 29871, 29945, 29901,
        29871, 32012,    13,  4308, 29871, 29953, 29901, 29871, 32012,    13,
         4308, 29871, 29955, 29901, 29871, 32012,    13,  4308, 29871, 29947,
        29901, 29871, 32012,    13,  4308, 29871, 29929, 29901, 29871, 32012,
           13,  4308, 29871, 29896, 29900, 29901, 29871, 32012,    13,  4308,
        29871, 29896, 29896, 29901, 29871, 32012,    13,  4308, 29871, 29896,
        29906, 29901, 29871, 32012,    13,  4308, 29871, 29896, 29941, 29901,
        29871, 32012,    13,  4308, 29871, 29896, 29946, 29901, 29871, 32012,
           13,  4308, 29871, 29896, 29945, 29901, 29871, 32012,    13,  4308,
        29871, 29896, 29953, 29901, 29871, 32012,    13,  4308, 29871, 29896,
        29955, 29901, 29871, 32012,    13,  4308, 29871, 29896, 29947, 29901,
        29871, 32012,    13,  4308, 29871, 29896, 29929, 29901, 29871, 32012,
           13,  4308, 29871, 29906, 29900, 29901, 29871, 32012,    13,  4308,
        29871, 29906, 29896, 29901, 29871, 32012,    13,  4308, 29871, 29906,
        29906, 29901, 29871, 32012,    13,  4308, 29871, 29906, 29941, 29901,
        29871, 32012,    13,  4308, 29871, 29906, 29946, 29901, 29871, 32012,
           13,    13,  1068, 10858,  3414,  1068, 29901,  2183,   385,  6354,
        29892, 27599,   278,  4863, 16608,   304, 12439,   607,  6743,  1712,
          278,  6790,  6354, 29889,    13,    13,  1068,  6466,  3402,  1068,
        29901,  3867,   263, 29871, 29906, 29945,  2931,  7581, 10768,   362,
        11105, 29892, 10816, 29901,    13,   448,   525, 29896, 29915,  2794,
          278,  3515,   472,   393,  2602,  5517,  7087,   304,   278,  6354,
        29889,    13,   448,   525, 29900, 29915,  2794,   278,  3515,   472,
          393,  2602,  5517,   947,   451,  1993,   304,   278,  6354, 29889,
           13,   448,  3575,  1962,  1818,   367,  3721, 29871, 29906, 29945,
         4890,  1472,   322,  1712,   871,   525, 29896, 29915, 29879,   322,
          525, 29900, 29915, 29879, 29892,   411,   694,  8162,   470,   916,
          628, 13083,   414,   322,   694,  7309,   800, 29889,    13,    13,
         1068,  3886,  1068, 29901,   777,  9121, 16967,  1862,  4893,   502,
         1549,  1009, 15332, 28648,   322, 15366, 29889,    13,    13,  1068,
        16492,  1068, 29901,  8449, 16608,  3743,   278,  6354, 29973,    13,
        32007, 32001, 29900, 29900, 29900, 29900, 29900, 29900, 29900, 29900,
        29900, 29900, 29900, 29900, 29896, 29896, 29896, 29896, 29896, 29896,
        29896, 29896, 29896, 29896, 29900, 29896, 29900, 32007])
tensor([0, 0, 0, 0, 1, 1, 1, 1, 1, 1, 1, 1, 1, 1, 1, 1, 1, 1, 1, 1, 1, 1, 1, 1,
        1, 1, 1, 1, 1, 1, 1, 1, 1, 1, 1, 1, 1, 1, 1, 1, 1, 1, 1, 1, 1, 1, 1, 1,
        1, 1, 1, 1, 1, 1, 1, 1, 1, 1, 1, 1, 1, 1, 1, 1, 1, 1, 1, 1, 1, 1, 1, 1,
        1, 1, 1, 1, 1, 1, 1, 1, 1, 1, 1, 1, 1, 1, 1, 1, 1, 1, 1, 1, 1, 1, 1, 1,
        1, 1, 1, 1, 1, 1, 1, 1, 1, 1, 1, 1, 1, 1, 1, 1, 1, 1, 1, 1, 1, 1, 1, 1,
        1, 1, 1, 1, 1, 1, 1, 1, 1, 1, 1, 1, 1, 1, 1, 1, 1, 1, 1, 1, 1, 1, 1, 1,
        1, 1, 1, 1, 1, 1, 1, 1, 1, 1, 1, 1, 1, 1, 1, 1, 1, 1, 1, 1, 1, 1, 1, 1,
        1, 1, 1, 1, 1, 1, 1, 1, 1, 1, 1, 1, 1, 1, 1, 1, 1, 1, 1, 1, 1, 1, 1, 1,
        1, 1, 1, 1, 1, 1, 1, 1, 1, 1, 1, 1, 1, 1, 1, 1, 1, 1, 1, 1, 1, 1, 1, 1,
        1, 1, 1, 1, 1, 1, 1, 1, 1, 1, 1, 1, 1, 1, 1, 1, 1, 1, 1, 1, 1, 1, 1, 1,
        1, 1, 1, 1, 1, 1, 1, 1, 1, 1, 1, 1, 1, 1, 1, 1, 1, 1, 1, 1, 1, 1, 1, 1,
        1, 1, 1, 1, 1, 1, 1, 1, 1, 1, 1, 1, 1, 1, 1, 1, 1, 1, 1, 1, 1, 1, 1, 1,
        1, 1, 1, 1, 1, 1, 1, 1, 1, 1, 1, 1, 1, 1, 1, 1, 1, 1, 1, 1, 1, 1, 1, 1,
        1, 1, 1, 1, 1, 1, 1, 1, 1, 1, 1, 1, 1, 1, 1, 1, 1, 1, 1, 1, 1, 1, 1, 1,
        1, 1, 1, 1, 1, 1, 1, 1, 1, 1, 1, 1, 1, 1, 1, 1, 1, 1, 1, 1, 1, 1, 1, 1,
        1, 1, 1, 1, 1, 1, 1, 1, 1, 1, 1, 1, 1, 1, 1, 1, 1, 1, 1, 1, 1, 1, 1, 1,
        1, 1, 1, 1, 1, 1, 1, 1, 1, 1, 1, 1, 1, 1, 1, 1, 1, 1, 1, 1, 1, 1, 1, 1,
        1, 1, 1, 1, 1, 1, 1, 1, 1, 1, 1, 1, 1, 1, 1, 1, 1, 1, 1, 1, 1, 1, 1, 1,
        1, 1, 1, 1, 1, 1, 1, 1, 1, 1, 1, 1, 1, 1, 1, 1])
Val collator labels, input_ids, and attention_mask (first item):
labels.shape = torch.Size([2, 25, 2])
tensor([[1.0000, 0.0000],
        [1.0000, 0.0000],
        [1.0000, 0.0000],
        [1.0000, 0.0000],
        [1.0000, 0.0000],
        [1.0000, 0.0000],
        [1.0000, 0.0000],
        [1.0000, 0.0000],
        [1.0000, 0.0000],
        [1.0000, 0.0000],
        [1.0000, 0.0000],
        [1.0000, 0.0000],
        [1.0000, 0.0000],
        [0.9815, 0.0185],
        [0.5833, 0.4167],
        [0.6667, 0.3333],
        [0.4167, 0.5833],
        [0.4167, 0.5833],
        [0.3333, 0.6667],
        [0.3333, 0.6667],
        [0.3333, 0.6667],
        [0.3333, 0.6667],
        [0.4167, 0.5833],
        [0.3333, 0.6667],
        [0.4167, 0.5833]])
tensor([32011, 32011, 32011, 29871, 32006,  3492,   526,   263, 15040,  4863,
         5663, 16837, 20255, 29889,   887,   674,  7150,   263,  4863,   322,
          263,  5199,  6354,  2346,  2183,   491,   278,  1404, 29889,  7106,
          278, 16608,   393,  7087,   278,  6354,  2346, 29889, 10306,   278,
         1962,  3402,  2183,   491,   278,  1404, 29889, 29871, 32007, 32010,
         3492,   526,  2183, 29871, 29906, 29945, 16608,  4559, 29881,   515,
          263,  4863, 29892, 10372,   322, 13055,   491, 25899,  4890, 29892,
        27541,   515, 29871, 29900,   304, 29871, 29906, 29946, 29901,    13,
         4308, 29871, 29900, 29901, 29871, 32012,    13,  4308, 29871, 29896,
        29901, 29871, 32012,    13,  4308, 29871, 29906, 29901, 29871, 32012,
           13,  4308, 29871, 29941, 29901, 29871, 32012,    13,  4308, 29871,
        29946, 29901, 29871, 32012,    13,  4308, 29871, 29945, 29901, 29871,
        32012,    13,  4308, 29871, 29953, 29901, 29871, 32012,    13,  4308,
        29871, 29955, 29901, 29871, 32012,    13,  4308, 29871, 29947, 29901,
        29871, 32012,    13,  4308, 29871, 29929, 29901, 29871, 32012,    13,
         4308, 29871, 29896, 29900, 29901, 29871, 32012,    13,  4308, 29871,
        29896, 29896, 29901, 29871, 32012,    13,  4308, 29871, 29896, 29906,
        29901, 29871, 32012,    13,  4308, 29871, 29896, 29941, 29901, 29871,
        32012,    13,  4308, 29871, 29896, 29946, 29901, 29871, 32012,    13,
         4308, 29871, 29896, 29945, 29901, 29871, 32012,    13,  4308, 29871,
        29896, 29953, 29901, 29871, 32012,    13,  4308, 29871, 29896, 29955,
        29901, 29871, 32012,    13,  4308, 29871, 29896, 29947, 29901, 29871,
        32012,    13,  4308, 29871, 29896, 29929, 29901, 29871, 32012,    13,
         4308, 29871, 29906, 29900, 29901, 29871, 32012,    13,  4308, 29871,
        29906, 29896, 29901, 29871, 32012,    13,  4308, 29871, 29906, 29906,
        29901, 29871, 32012,    13,  4308, 29871, 29906, 29941, 29901, 29871,
        32012,    13,  4308, 29871, 29906, 29946, 29901, 29871, 32012,    13,
           13,  1068, 10858,  3414,  1068, 29901,  2183,   385,  6354, 29892,
        27599,   278,  4863, 16608,   304, 12439,   607,  6743,  1712,   278,
         6790,  6354, 29889,    13,    13,  1068,  6466,  3402,  1068, 29901,
         3867,   263, 29871, 29906, 29945,  2931,  7581, 10768,   362, 11105,
        29892, 10816, 29901,    13,   448,   525, 29896, 29915,  2794,   278,
         3515,   472,   393,  2602,  5517,  7087,   304,   278,  6354, 29889,
           13,   448,   525, 29900, 29915,  2794,   278,  3515,   472,   393,
         2602,  5517,   947,   451,  1993,   304,   278,  6354, 29889,    13,
          448,  3575,  1962,  1818,   367,  3721, 29871, 29906, 29945,  4890,
         1472,   322,  1712,   871,   525, 29896, 29915, 29879,   322,   525,
        29900, 29915, 29879, 29892,   411,   694,  8162,   470,   916,   628,
        13083,   414,   322,   694,  7309,   800, 29889,    13,    13,  1068,
         3886,  1068, 29901,   319,  7826,   322,   902,  5637,  7984,   287,
         1550,  9963,   411,  1269,   916,   373,  4024,  5410, 29889,    13,
           13,  1068, 16492,  1068, 29901,  8449, 16608,  3743,   278,  6354,
        29973,    13, 32007, 32001])
tensor([0, 0, 0, 1, 1, 1, 1, 1, 1, 1, 1, 1, 1, 1, 1, 1, 1, 1, 1, 1, 1, 1, 1, 1,
        1, 1, 1, 1, 1, 1, 1, 1, 1, 1, 1, 1, 1, 1, 1, 1, 1, 1, 1, 1, 1, 1, 1, 1,
        1, 1, 1, 1, 1, 1, 1, 1, 1, 1, 1, 1, 1, 1, 1, 1, 1, 1, 1, 1, 1, 1, 1, 1,
        1, 1, 1, 1, 1, 1, 1, 1, 1, 1, 1, 1, 1, 1, 1, 1, 1, 1, 1, 1, 1, 1, 1, 1,
        1, 1, 1, 1, 1, 1, 1, 1, 1, 1, 1, 1, 1, 1, 1, 1, 1, 1, 1, 1, 1, 1, 1, 1,
        1, 1, 1, 1, 1, 1, 1, 1, 1, 1, 1, 1, 1, 1, 1, 1, 1, 1, 1, 1, 1, 1, 1, 1,
        1, 1, 1, 1, 1, 1, 1, 1, 1, 1, 1, 1, 1, 1, 1, 1, 1, 1, 1, 1, 1, 1, 1, 1,
        1, 1, 1, 1, 1, 1, 1, 1, 1, 1, 1, 1, 1, 1, 1, 1, 1, 1, 1, 1, 1, 1, 1, 1,
        1, 1, 1, 1, 1, 1, 1, 1, 1, 1, 1, 1, 1, 1, 1, 1, 1, 1, 1, 1, 1, 1, 1, 1,
        1, 1, 1, 1, 1, 1, 1, 1, 1, 1, 1, 1, 1, 1, 1, 1, 1, 1, 1, 1, 1, 1, 1, 1,
        1, 1, 1, 1, 1, 1, 1, 1, 1, 1, 1, 1, 1, 1, 1, 1, 1, 1, 1, 1, 1, 1, 1, 1,
        1, 1, 1, 1, 1, 1, 1, 1, 1, 1, 1, 1, 1, 1, 1, 1, 1, 1, 1, 1, 1, 1, 1, 1,
        1, 1, 1, 1, 1, 1, 1, 1, 1, 1, 1, 1, 1, 1, 1, 1, 1, 1, 1, 1, 1, 1, 1, 1,
        1, 1, 1, 1, 1, 1, 1, 1, 1, 1, 1, 1, 1, 1, 1, 1, 1, 1, 1, 1, 1, 1, 1, 1,
        1, 1, 1, 1, 1, 1, 1, 1, 1, 1, 1, 1, 1, 1, 1, 1, 1, 1, 1, 1, 1, 1, 1, 1,
        1, 1, 1, 1, 1, 1, 1, 1, 1, 1, 1, 1, 1, 1, 1, 1, 1, 1, 1, 1, 1, 1, 1, 1,
        1, 1, 1, 1, 1, 1, 1, 1, 1, 1, 1, 1, 1, 1, 1, 1, 1, 1, 1, 1, 1, 1, 1, 1,
        1, 1, 1, 1, 1, 1, 1, 1, 1, 1, 1, 1, 1, 1, 1, 1])
Num train iter per epoch per gpu (rank 0): 226. Num val iter per epoch per gpu (rank 0): 30

[07/29 15:16:50] Initialize wandb logging
wandb: Currently logged in as: bagasjwnt (bagas-jiwanta) to https://api.wandb.ai. Use `wandb login --relogin` to force relogin
wandb: Tracking run with wandb version 0.21.0
wandb: Run data is saved locally in /home/blip3-mr/wandb/run-20250729_151650-d5hzr5ek
wandb: Run `wandb offline` to turn off syncing.
wandb: Syncing run blip3-mr_grandfinale
wandb: ⭐️ View project at https://wandb.ai/bagas-jiwanta/blip3-mr-qvh
wandb: 🚀 View run at https://wandb.ai/bagas-jiwanta/blip3-mr-qvh/runs/d5hzr5ek

[07/29 15:16:51] Loading local model from pretrained
Rank 1 Missing keys: []
Rank 1 Unexpected keys: []
Rank 2 Missing keys: []
Rank 2 Unexpected keys: []
Rank 3 Missing keys: []
Rank 3 Unexpected keys: []
Rank 0 Missing keys: []
Rank 0 Unexpected keys: []

[07/29 15:17:15] Wrapping model in LoRA
[2025-07-29 15:25:02,228] [INFO] [config.py:684:__init__] Config mesh_device None world_size = 4
[2025-07-29 15:25:25,657] [INFO] [config.py:684:__init__] Config mesh_device None world_size = 4
[2025-07-29 15:25:25,717] [INFO] [config.py:684:__init__] Config mesh_device None world_size = 4
lang model only
trainable params: 25,165,824 || all params: 3,846,295,875 || trainable%: 0.6543
Vision encoder: 0 trainable parameters
Vision tokenizer: 109,901,568 trainable parameters
Language model: 25,165,824 trainable parameters
Trainable parameters:
Vision encoder: 0 trainable parameters
Vision tokenizer: 109,901,568 trainable parameters
Language model: 25,165,824 trainable parameters

[07/29 15:25:33] Initializing gradient checkpointing
[2025-07-29 15:25:33,786] [INFO] [logging.py:107:log_dist] [Rank 0] DeepSpeed info: version=0.17.3, git-hash=unknown, git-branch=unknown
[2025-07-29 15:25:33,786] [INFO] [config.py:684:__init__] Config mesh_device None world_size = 4
[2025-07-29 15:25:38,757] [INFO] [engine.py:1339:_configure_distributed_model] ********** distributed groups summary **********
	 self.dp_world_size=4
	 self.mp_world_size=1
	 self.seq_dp_world_size=4
	 self.sequence_parallel_size=1
***********************************************
[2025-07-29 15:25:38,890] [INFO] [logging.py:107:log_dist] [Rank 0] DeepSpeed Flops Profiler Enabled: False
Using /root/.cache/torch_extensions/py311_cu128 as PyTorch extensions root...
Detected CUDA files, patching ldflags
Emitting ninja build file /root/.cache/torch_extensions/py311_cu128/cpu_adam/build.ninja...
/usr/local/lib/python3.11/dist-packages/torch/utils/cpp_extension.py:2356: UserWarning: TORCH_CUDA_ARCH_LIST is not set, all archs for visible cards are included for compilation. 
If this is not desired, please set os.environ['TORCH_CUDA_ARCH_LIST'].
  warnings.warn(
Building extension module cpu_adam...
Allowing ninja to set a default number of workers... (overridable by setting the environment variable MAX_JOBS=N)
ninja: no work to do.
Loading extension module cpu_adam...
Time to load cpu_adam op: 2.3109686374664307 seconds
Adam Optimizer #0 is created with AVX512 arithmetic capability.
Config: alpha=0.000030, betas=(0.900000, 0.999000), weight_decay=0.005000, adam_w=1
[2025-07-29 15:25:42,344] [INFO] [logging.py:107:log_dist] [Rank 0] Using DeepSpeed Optimizer param name adamw as basic optimizer
[2025-07-29 15:25:42,345] [INFO] [logging.py:107:log_dist] [Rank 0] Removing param_group that has no 'params' in the basic Optimizer
Using /root/.cache/torch_extensions/py311_cu128 as PyTorch extensions root...
Detected CUDA files, patching ldflags
Emitting ninja build file /root/.cache/torch_extensions/py311_cu128/cpu_adam/build.ninja...
/usr/local/lib/python3.11/dist-packages/torch/utils/cpp_extension.py:2356: UserWarning: TORCH_CUDA_ARCH_LIST is not set, all archs for visible cards are included for compilation. 
If this is not desired, please set os.environ['TORCH_CUDA_ARCH_LIST'].
  warnings.warn(
Building extension module cpu_adam...
Allowing ninja to set a default number of workers... (overridable by setting the environment variable MAX_JOBS=N)
ninja: no work to do.
Loading extension module cpu_adam...
Time to load cpu_adam op: 2.3065950870513916 seconds
Adam Optimizer #0 is created with AVX512 arithmetic capability.
Config: alpha=0.000030, betas=(0.900000, 0.999000), weight_decay=0.005000, adam_w=1
Using /root/.cache/torch_extensions/py311_cu128 as PyTorch extensions root...
Detected CUDA files, patching ldflags
Emitting ninja build file /root/.cache/torch_extensions/py311_cu128/cpu_adam/build.ninja...
/usr/local/lib/python3.11/dist-packages/torch/utils/cpp_extension.py:2356: UserWarning: TORCH_CUDA_ARCH_LIST is not set, all archs for visible cards are included for compilation. 
If this is not desired, please set os.environ['TORCH_CUDA_ARCH_LIST'].
  warnings.warn(
Building extension module cpu_adam...
Allowing ninja to set a default number of workers... (overridable by setting the environment variable MAX_JOBS=N)
ninja: no work to do.
Loading extension module cpu_adam...
Using /root/.cache/torch_extensions/py311_cu128 as PyTorch extensions root...
Time to load cpu_adam op: 2.3001952171325684 seconds
Adam Optimizer #0 is created with AVX512 arithmetic capability.
Config: alpha=0.000030, betas=(0.900000, 0.999000), weight_decay=0.005000, adam_w=1
Detected CUDA files, patching ldflags
Emitting ninja build file /root/.cache/torch_extensions/py311_cu128/cpu_adam/build.ninja...
/usr/local/lib/python3.11/dist-packages/torch/utils/cpp_extension.py:2356: UserWarning: TORCH_CUDA_ARCH_LIST is not set, all archs for visible cards are included for compilation. 
If this is not desired, please set os.environ['TORCH_CUDA_ARCH_LIST'].
  warnings.warn(
Building extension module cpu_adam...
Allowing ninja to set a default number of workers... (overridable by setting the environment variable MAX_JOBS=N)
ninja: no work to do.
Loading extension module cpu_adam...
Time to load cpu_adam op: 2.297689437866211 seconds
Adam Optimizer #0 is created with AVX512 arithmetic capability.
Config: alpha=0.000030, betas=(0.900000, 0.999000), weight_decay=0.005000, adam_w=1
[2025-07-29 15:25:42,490] [INFO] [logging.py:107:log_dist] [Rank 0] DeepSpeed Basic Optimizer = DeepSpeedCPUAdam
[2025-07-29 15:25:42,490] [INFO] [utils.py:59:is_zero_supported_optimizer] Checking ZeRO support for optimizer=DeepSpeedCPUAdam type=<class 'deepspeed.ops.adam.cpu_adam.DeepSpeedCPUAdam'>
[2025-07-29 15:25:42,490] [INFO] [logging.py:107:log_dist] [Rank 0] Creating torch.bfloat16 ZeRO stage 2 optimizer
[2025-07-29 15:25:42,491] [INFO] [stage_1_and_2.py:172:__init__] Reduce bucket size 600000000
[2025-07-29 15:25:42,491] [INFO] [stage_1_and_2.py:173:__init__] Allgather bucket size 600000000
[2025-07-29 15:25:42,491] [INFO] [stage_1_and_2.py:174:__init__] CPU Offload: True
[2025-07-29 15:25:42,491] [INFO] [stage_1_and_2.py:175:__init__] Round robin gradient partitioning: False
[2025-07-29 15:25:43,236] [WARNING] [lr_schedules.py:858:get_lr] Attempting to get learning rate from scheduler before it has started
[2025-07-29 15:25:43,274] [WARNING] [lr_schedules.py:858:get_lr] Attempting to get learning rate from scheduler before it has started
[2025-07-29 15:25:43,366] [INFO] [utils.py:781:see_memory_usage] Before initializing optimizer states
[2025-07-29 15:25:43,367] [INFO] [utils.py:782:see_memory_usage] MA 8.19 GB         Max_MA 8.19 GB         CA 8.24 GB         Max_CA 8 GB 
[2025-07-29 15:25:43,368] [INFO] [utils.py:789:see_memory_usage] CPU Virtual Memory:  used = 49.01 GB, percent = 9.7%
[2025-07-29 15:25:43,389] [WARNING] [lr_schedules.py:858:get_lr] Attempting to get learning rate from scheduler before it has started
[2025-07-29 15:25:43,783] [INFO] [utils.py:781:see_memory_usage] After initializing optimizer states
[2025-07-29 15:25:43,784] [INFO] [utils.py:782:see_memory_usage] MA 8.19 GB         Max_MA 8.19 GB         CA 8.24 GB         Max_CA 8 GB 
[2025-07-29 15:25:43,784] [INFO] [utils.py:789:see_memory_usage] CPU Virtual Memory:  used = 49.3 GB, percent = 9.8%
[2025-07-29 15:25:43,785] [INFO] [stage_1_and_2.py:599:__init__] optimizer state initialized
[2025-07-29 15:25:44,068] [INFO] [utils.py:781:see_memory_usage] After initializing ZeRO optimizer
[2025-07-29 15:25:44,068] [INFO] [utils.py:782:see_memory_usage] MA 8.19 GB         Max_MA 8.19 GB         CA 8.24 GB         Max_CA 8 GB 
[2025-07-29 15:25:44,069] [INFO] [utils.py:789:see_memory_usage] CPU Virtual Memory:  used = 49.23 GB, percent = 9.8%
[2025-07-29 15:25:44,075] [INFO] [logging.py:107:log_dist] [Rank 0] DeepSpeed Final Optimizer = DeepSpeedZeroOptimizer
[2025-07-29 15:25:44,075] [WARNING] [lr_schedules.py:858:get_lr] Attempting to get learning rate from scheduler before it has started
[2025-07-29 15:25:44,075] [INFO] [logging.py:107:log_dist] [Rank 0] DeepSpeed using configured LR scheduler = WarmupCosineLR
[2025-07-29 15:25:44,076] [INFO] [logging.py:107:log_dist] [Rank 0] DeepSpeed LR Scheduler = <deepspeed.runtime.lr_schedules.WarmupCosineLR object at 0x7a50a41fd890>
[2025-07-29 15:25:44,076] [INFO] [logging.py:107:log_dist] [Rank 0] step=0, skipped=0, lr=[0.0], mom=[[0.9, 0.999]]
[2025-07-29 15:25:44,081] [INFO] [logging.py:107:log_dist] [Rank 0] [TorchCheckpointEngine] Initialized with serialization = True
[2025-07-29 15:25:44,081] [INFO] [config.py:954:print] DeepSpeedEngine configuration:
[2025-07-29 15:25:44,082] [INFO] [config.py:958:print]   activation_checkpointing_config  {
    "partition_activations": false, 
    "contiguous_memory_optimization": false, 
    "cpu_checkpointing": false, 
    "number_checkpoints": null, 
    "synchronize_checkpoint_boundary": false, 
    "profile": false
}
[2025-07-29 15:25:44,082] [INFO] [config.py:958:print]   aio_config ................... {'block_size': 1048576, 'queue_depth': 8, 'intra_op_parallelism': 1, 'single_submit': False, 'overlap_events': True, 'use_gds': False}
[2025-07-29 15:25:44,082] [INFO] [config.py:958:print]   amp_enabled .................. False
[2025-07-29 15:25:44,082] [INFO] [config.py:958:print]   amp_params ................... False
[2025-07-29 15:25:44,082] [INFO] [config.py:958:print]   autotuning_config ............ {
    "enabled": false, 
    "start_step": null, 
    "end_step": null, 
    "metric_path": null, 
    "arg_mappings": null, 
    "metric": "throughput", 
    "model_info": null, 
    "results_dir": "autotuning_results", 
    "exps_dir": "autotuning_exps", 
    "overwrite": true, 
    "fast": true, 
    "start_profile_step": 3, 
    "end_profile_step": 5, 
    "tuner_type": "gridsearch", 
    "tuner_early_stopping": 5, 
    "tuner_num_trials": 50, 
    "model_info_path": null, 
    "mp_size": 1, 
    "max_train_batch_size": null, 
    "min_train_batch_size": 1, 
    "max_train_micro_batch_size_per_gpu": 1.024000e+03, 
    "min_train_micro_batch_size_per_gpu": 1, 
    "num_tuning_micro_batch_sizes": 3
}
[2025-07-29 15:25:44,082] [INFO] [config.py:958:print]   bfloat16_config .............. enabled=True immediate_grad_update=False check_grad_overflow=False
[2025-07-29 15:25:44,082] [INFO] [config.py:958:print]   checkpoint_config ............ {'tag_validation': 'WARN', 'checkpoint_serialization': True, 'writer': None}
[2025-07-29 15:25:44,082] [INFO] [config.py:958:print]   checkpoint_parallel_write_pipeline  False
[2025-07-29 15:25:44,082] [INFO] [config.py:958:print]   checkpoint_tag_validation_enabled  True
[2025-07-29 15:25:44,082] [INFO] [config.py:958:print]   checkpoint_tag_validation_fail  False
[2025-07-29 15:25:44,083] [INFO] [config.py:958:print]   comms_config ................. <deepspeed.comm.config.DeepSpeedCommsConfig object at 0x7a50a41ff4d0>
[2025-07-29 15:25:44,083] [INFO] [config.py:958:print]   communication_data_type ...... None
[2025-07-29 15:25:44,083] [INFO] [config.py:958:print]   compile_config ............... deepcompile=False free_activation=False offload_activation=False offload_opt_states=False double_buffer=True symmetric_memory=False debug_log=False offload_parameters=False sync_before_reduce=False sync_after_reduce=False sync_before_allgather=False sync_after_allgather=False keep_int_input_tensors=True keep_all_input_tensors=False
[2025-07-29 15:25:44,083] [INFO] [config.py:958:print]   compression_config ........... {'weight_quantization': {'shared_parameters': {'enabled': False, 'quantizer_kernel': False, 'schedule_offset': 0, 'quantize_groups': 1, 'quantize_verbose': False, 'quantization_type': 'symmetric', 'quantize_weight_in_forward': False, 'rounding': 'nearest', 'fp16_mixed_quantize': False, 'quantize_change_ratio': 0.001}, 'different_groups': {}}, 'activation_quantization': {'shared_parameters': {'enabled': False, 'quantization_type': 'symmetric', 'range_calibration': 'dynamic', 'schedule_offset': 1000}, 'different_groups': {}}, 'sparse_pruning': {'shared_parameters': {'enabled': False, 'method': 'l1', 'schedule_offset': 1000}, 'different_groups': {}}, 'row_pruning': {'shared_parameters': {'enabled': False, 'method': 'l1', 'schedule_offset': 1000}, 'different_groups': {}}, 'head_pruning': {'shared_parameters': {'enabled': False, 'method': 'topk', 'schedule_offset': 1000}, 'different_groups': {}}, 'channel_pruning': {'shared_parameters': {'enabled': False, 'method': 'l1', 'schedule_offset': 1000}, 'different_groups': {}}, 'layer_reduction': {'enabled': False}}
[2025-07-29 15:25:44,083] [INFO] [config.py:958:print]   curriculum_enabled_legacy .... False
[2025-07-29 15:25:44,083] [INFO] [config.py:958:print]   curriculum_params_legacy ..... False
[2025-07-29 15:25:44,083] [INFO] [config.py:958:print]   data_efficiency_config ....... {'enabled': False, 'seed': 1234, 'data_sampling': {'enabled': False, 'num_epochs': 1000, 'num_workers': 0, 'pin_memory': False, 'curriculum_learning': {'enabled': False}, 'dynamic_batching': {'enabled': False, 'lr_scaling_method': 'linear', 'min_batch_size': 1, 'max_batch_size': None, 'sequence_picking_order': 'dataloader', 'verbose': False}}, 'data_routing': {'enabled': False, 'random_ltd': {'enabled': False, 'layer_token_lr_schedule': {'enabled': False}}}}
[2025-07-29 15:25:44,083] [INFO] [config.py:958:print]   data_efficiency_enabled ...... False
[2025-07-29 15:25:44,083] [INFO] [config.py:958:print]   dataloader_drop_last ......... False
[2025-07-29 15:25:44,083] [INFO] [config.py:958:print]   disable_allgather ............ False
[2025-07-29 15:25:44,083] [INFO] [config.py:958:print]   dump_state ................... False
[2025-07-29 15:25:44,083] [INFO] [config.py:958:print]   eigenvalue_enabled ........... False
[2025-07-29 15:25:44,083] [INFO] [config.py:958:print]   eigenvalue_gas_boundary_resolution  1
[2025-07-29 15:25:44,083] [INFO] [config.py:958:print]   eigenvalue_layer_name ........ bert.encoder.layer
[2025-07-29 15:25:44,083] [INFO] [config.py:958:print]   eigenvalue_layer_num ......... 0
[2025-07-29 15:25:44,083] [INFO] [config.py:958:print]   eigenvalue_max_iter .......... 100
[2025-07-29 15:25:44,083] [INFO] [config.py:958:print]   eigenvalue_stability ......... 1e-06
[2025-07-29 15:25:44,084] [INFO] [config.py:958:print]   eigenvalue_tol ............... 0.01
[2025-07-29 15:25:44,084] [INFO] [config.py:958:print]   eigenvalue_verbose ........... False
[2025-07-29 15:25:44,084] [INFO] [config.py:958:print]   elasticity_enabled ........... False
[2025-07-29 15:25:44,084] [INFO] [config.py:958:print]   float16_config ............... enabled=False auto_cast=False loss_scale=0.0 initial_scale_power=16 loss_scale_window=1000 hysteresis=2 consecutive_hysteresis=False min_loss_scale=1 fp16_master_weights_and_grads=False
[2025-07-29 15:25:44,084] [INFO] [config.py:958:print]   flops_profiler_config ........ {
    "enabled": false, 
    "recompute_fwd_factor": 0.0, 
    "profile_step": 1, 
    "module_depth": -1, 
    "top_modules": 1, 
    "detailed": true, 
    "output_file": null
}
[2025-07-29 15:25:44,084] [INFO] [config.py:958:print]   global_rank .................. 0
[2025-07-29 15:25:44,084] [INFO] [config.py:958:print]   grad_accum_dtype ............. None
[2025-07-29 15:25:44,084] [INFO] [config.py:958:print]   gradient_accumulation_steps .. 4
[2025-07-29 15:25:44,084] [INFO] [config.py:958:print]   gradient_clipping ............ 1.0
[2025-07-29 15:25:44,084] [INFO] [config.py:958:print]   gradient_predivide_factor .... 1.0
[2025-07-29 15:25:44,084] [INFO] [config.py:958:print]   graph_harvesting ............. False
[2025-07-29 15:25:44,084] [INFO] [config.py:958:print]   hybrid_engine ................ enabled=False max_out_tokens=512 inference_tp_size=1 release_inference_cache=False pin_parameters=True tp_gather_partition_size=8
[2025-07-29 15:25:44,084] [INFO] [config.py:958:print]   load_universal_checkpoint .... False
[2025-07-29 15:25:44,084] [INFO] [config.py:958:print]   memory_breakdown ............. False
[2025-07-29 15:25:44,084] [INFO] [config.py:958:print]   mics_hierarchial_params_gather  False
[2025-07-29 15:25:44,084] [INFO] [config.py:958:print]   mics_shard_size .............. -1
[2025-07-29 15:25:44,085] [INFO] [config.py:958:print]   monitor_config ............... tensorboard=TensorBoardConfig(enabled=False, output_path='', job_name='DeepSpeedJobName') comet=CometConfig(enabled=False, samples_log_interval=100, project=None, workspace=None, api_key=None, experiment_name=None, experiment_key=None, online=None, mode=None) wandb=WandbConfig(enabled=False, group=None, team=None, project='deepspeed') csv_monitor=CSVConfig(enabled=False, output_path='', job_name='DeepSpeedJobName')
[2025-07-29 15:25:44,085] [INFO] [config.py:958:print]   nebula_config ................ {
    "enabled": false, 
    "persistent_storage_path": null, 
    "persistent_time_interval": 100, 
    "num_of_version_in_retention": 2, 
    "enable_nebula_load": true, 
    "load_path": null
}
[2025-07-29 15:25:44,085] [INFO] [config.py:958:print]   optimizer_legacy_fusion ...... False
[2025-07-29 15:25:44,085] [INFO] [config.py:958:print]   optimizer_name ............... adamw
[2025-07-29 15:25:44,085] [INFO] [config.py:958:print]   optimizer_params ............. {'lr': 3e-05, 'betas': [0.9, 0.999], 'eps': 1e-08, 'weight_decay': 0.005}
[2025-07-29 15:25:44,085] [INFO] [config.py:958:print]   pipeline ..................... {'stages': 'auto', 'partition': 'best', 'seed_layers': False, 'activation_checkpoint_interval': 0, 'pipe_partitioned': True, 'grad_partitioned': True}
[2025-07-29 15:25:44,085] [INFO] [config.py:958:print]   pld_enabled .................. False
[2025-07-29 15:25:44,085] [INFO] [config.py:958:print]   pld_params ................... False
[2025-07-29 15:25:44,085] [INFO] [config.py:958:print]   prescale_gradients ........... False
[2025-07-29 15:25:44,085] [INFO] [config.py:958:print]   scheduler_name ............... WarmupCosineLR
[2025-07-29 15:25:44,085] [INFO] [config.py:958:print]   scheduler_params ............. {'warmup_min_ratio': 1e-08, 'warmup_num_steps': 336, 'total_num_steps': 1130, 'cos_min_ratio': 0.1, 'warmup_type': 'linear'}
[2025-07-29 15:25:44,085] [INFO] [config.py:958:print]   seq_parallel_communication_data_type  torch.float32
[2025-07-29 15:25:44,085] [INFO] [config.py:958:print]   sparse_attention ............. None
[2025-07-29 15:25:44,085] [INFO] [config.py:958:print]   sparse_gradients_enabled ..... False
[2025-07-29 15:25:44,085] [INFO] [config.py:958:print]   steps_per_print .............. None
[2025-07-29 15:25:44,085] [INFO] [config.py:958:print]   tensor_parallel_config ....... dtype=torch.float16 autotp_size=0 tp_overlap_comm=False tensor_parallel=TPConfig(tp_size=1, tp_grain_size=1, mpu=None, tp_group=None) injection_policy_tuple=None keep_module_on_host=False replace_with_kernel_inject=False
[2025-07-29 15:25:44,085] [INFO] [config.py:958:print]   timers_config ................ enabled=True synchronized=True
[2025-07-29 15:25:44,086] [INFO] [config.py:958:print]   torch_autocast_dtype ......... None
[2025-07-29 15:25:44,086] [INFO] [config.py:958:print]   torch_autocast_enabled ....... False
[2025-07-29 15:25:44,086] [INFO] [config.py:958:print]   torch_autocast_lower_precision_safe_modules  None
[2025-07-29 15:25:44,086] [INFO] [config.py:958:print]   train_batch_size ............. 128
[2025-07-29 15:25:44,086] [INFO] [config.py:958:print]   train_micro_batch_size_per_gpu  8
[2025-07-29 15:25:44,086] [INFO] [config.py:958:print]   use_data_before_expert_parallel_  False
[2025-07-29 15:25:44,086] [INFO] [config.py:958:print]   use_node_local_storage ....... False
[2025-07-29 15:25:44,086] [INFO] [config.py:958:print]   wall_clock_breakdown ......... False
[2025-07-29 15:25:44,086] [INFO] [config.py:958:print]   weight_quantization_config ... None
[2025-07-29 15:25:44,086] [INFO] [config.py:958:print]   world_size ................... 4
[2025-07-29 15:25:44,086] [INFO] [config.py:958:print]   zero_allow_untested_optimizer  False
[2025-07-29 15:25:44,086] [INFO] [config.py:958:print]   zero_config .................. stage=2 contiguous_gradients=True reduce_scatter=True reduce_bucket_size=600000000 use_multi_rank_bucket_allreduce=True allgather_partitions=True allgather_bucket_size=600000000 overlap_comm=True load_from_fp32_weights=True elastic_checkpoint=False offload_param=None offload_optimizer=DeepSpeedZeroOffloadOptimizerConfig(device='cpu', nvme_path=None, buffer_count=4, pin_memory=True, pipeline_read=False, pipeline_write=False, fast_init=False, ratio=1.0) sub_group_size=1000000000 cpu_offload_param=None cpu_offload_use_pin_memory=None cpu_offload=None prefetch_bucket_size=50000000 param_persistence_threshold=100000 model_persistence_threshold=9223372036854775807 max_live_parameters=1000000000 max_reuse_distance=1000000000 gather_16bit_weights_on_model_save=False module_granularity_threshold=0 use_all_reduce_for_fetch_params=False stage3_gather_fp16_weights_on_model_save=False ignore_unused_parameters=True legacy_stage1=False round_robin_gradients=False zero_hpz_partition_size=1 zero_quantized_weights=False zero_quantized_nontrainable_weights=False zero_quantized_gradients=False zeropp_loco_param=None mics_shard_size=-1 mics_hierarchical_params_gather=False memory_efficient_linear=True pipeline_loading_checkpoint=False override_module_apply=True log_trace_cache_warnings=False
[2025-07-29 15:25:44,086] [INFO] [config.py:958:print]   zero_enabled ................. True
[2025-07-29 15:25:44,086] [INFO] [config.py:958:print]   zero_force_ds_cpu_optimizer .. True
[2025-07-29 15:25:44,086] [INFO] [config.py:958:print]   zero_optimization_stage ...... 2
[2025-07-29 15:25:44,087] [INFO] [config.py:944:print_user_config]   json = {
    "bf16": {
        "enabled": true
    }, 
    "zero_optimization": {
        "stage": 2, 
        "overlap_comm": true, 
        "contiguous_gradients": true, 
        "reduce_bucket_size": 6.000000e+08, 
        "allgather_bucket_size": 6.000000e+08, 
        "reduce_scatter": true, 
        "offload_optimizer": {
            "device": "cpu", 
            "pin_memory": true
        }, 
        "load_from_fp32_weights": true
    }, 
    "optimizer": {
        "type": "AdamW", 
        "params": {
            "lr": 3e-05, 
            "betas": [0.9, 0.999], 
            "eps": 1e-08, 
            "weight_decay": 0.005
        }
    }, 
    "gradient_clipping": 1.0, 
    "scheduler": {
        "type": "WarmupCosineLR", 
        "params": {
            "warmup_min_ratio": 1e-08, 
            "warmup_num_steps": 336, 
            "total_num_steps": 1.130000e+03, 
            "cos_min_ratio": 0.1, 
            "warmup_type": "linear"
        }
    }, 
    "train_micro_batch_size_per_gpu": 8, 
    "gradient_accumulation_steps": 4
}

[07/29 15:25:44] Using latest checkpoint from /workspace/checkpoints/blip3-mr_grandfinale/global_step56_R1-at-0.7-2.2250

[07/29 15:25:44] Loading checkpoint from /workspace/checkpoints/blip3-mr_grandfinale/global_step56_R1-at-0.7-2.2250 with load_module_only=False
[2025-07-29 15:25:44,091] [INFO] [logging.py:107:log_dist] [Rank 0] [Torch] Begin Load checkpoint from /workspace/checkpoints/blip3-mr_grandfinale/global_step56_R1-at-0.7-2.2250/mp_rank_00_model_states.pt...
[2025-07-29 15:27:59,225] [INFO] [logging.py:107:log_dist] [Rank 0] [Torch] End Load checkpoint from /workspace/checkpoints/blip3-mr_grandfinale/global_step56_R1-at-0.7-2.2250/mp_rank_00_model_states.pt...
[2025-07-29 15:27:59,830] [INFO] [logging.py:107:log_dist] [Rank 0] [Torch] Begin Load checkpoint from /workspace/checkpoints/blip3-mr_grandfinale/global_step56_R1-at-0.7-2.2250/mp_rank_00_model_states.pt...
[2025-07-29 15:28:04,122] [INFO] [logging.py:107:log_dist] [Rank 0] [Torch] End Load checkpoint from /workspace/checkpoints/blip3-mr_grandfinale/global_step56_R1-at-0.7-2.2250/mp_rank_00_model_states.pt...
[2025-07-29 15:28:05,436] [INFO] [logging.py:107:log_dist] [Rank 0] [Torch] Begin Load checkpoint from /workspace/checkpoints/blip3-mr_grandfinale/global_step56_R1-at-0.7-2.2250/bf16_zero_pp_rank_0_mp_rank_00_optim_states.pt...
[2025-07-29 15:28:06,495] [INFO] [engine.py:3295:_get_all_zero_checkpoint_state_dicts] successfully read 4 ZeRO state_dicts for rank 3
[2025-07-29 15:28:06,516] [INFO] [engine.py:3245:_load_zero_checkpoint] loading 4 zero partition checkpoints for rank 3
[2025-07-29 15:28:06,897] [INFO] [engine.py:3295:_get_all_zero_checkpoint_state_dicts] successfully read 4 ZeRO state_dicts for rank 1
[2025-07-29 15:28:06,910] [INFO] [engine.py:3245:_load_zero_checkpoint] loading 4 zero partition checkpoints for rank 1
[2025-07-29 15:28:07,034] [INFO] [logging.py:107:log_dist] [Rank 0] [Torch] End Load checkpoint from /workspace/checkpoints/blip3-mr_grandfinale/global_step56_R1-at-0.7-2.2250/bf16_zero_pp_rank_0_mp_rank_00_optim_states.pt...
[2025-07-29 15:28:07,035] [INFO] [engine.py:3295:_get_all_zero_checkpoint_state_dicts] successfully read 4 ZeRO state_dicts for rank 0
[2025-07-29 15:28:07,042] [INFO] [engine.py:3245:_load_zero_checkpoint] loading 4 zero partition checkpoints for rank 0

[07/29 15:28:07] Checkpoint Keys:
  global_samples: 7168
  ds_config: {'bf16': {'enabled': True}, 'zero_optimization': {'stage': 2, 'overlap_comm': True, 'contiguous_gradients': True, 'reduce_bucket_size': 600000000.0, 'allgather_bucket_size': 600000000.0, 'reduce_scatter': True, 'offload_optimizer': {'device': 'cpu', 'pin_memory': True}, 'load_from_fp32_weights': True}, 'optimizer': {'type': 'AdamW', 'params': {'lr': 3e-05, 'betas': [0.9, 0.999], 'eps': 1e-08, 'weight_decay': 0.005}}, 'gradient_clipping': 1.0, 'scheduler': {'type': 'WarmupCosineLR', 'params': {'warmup_min_ratio': 1e-08, 'warmup_num_steps': 336, 'total_num_steps': 1130, 'cos_min_ratio': 0.1, 'warmup_type': 'linear'}}, 'train_micro_batch_size_per_gpu': 8, 'gradient_accumulation_steps': 4}
  ds_version: 0.17.3
  ce_loss: 0.24799595773220062
  lr: 4.910714536607143e-06
  step_time_s: 65.6328125
  data_time_ms: 2.1572113037109375
  tokens_k: 3.568
  positive_ratio: 0.32863426208496094
  mAP: 2.505000114440918
  mAP-at-0.5: 4.837500095367432
  mAP-at-0.7: 1.8824999332427979
  R1-at-0.5: 7.082499980926514
  R1-at-0.7: 2.2249999046325684
  member: 1.0
  threshold: 0.5
  step: 225
  epoch: 0

[07/29 15:28:07] Steps: 
Total global steps: 1130
Resume from step: 0
Resume from epoch: 1


[07/29 15:28:07] Performing sanity check for 4 steps
[2025-07-29 15:28:07,756] [INFO] [engine.py:3295:_get_all_zero_checkpoint_state_dicts] successfully read 4 ZeRO state_dicts for rank 2
[2025-07-29 15:28:07,765] [INFO] [engine.py:3245:_load_zero_checkpoint] loading 4 zero partition checkpoints for rank 2
Run validation:   0%|                                                                                       | 0/4 [00:00<?, ?it/s]Run validation:  25%|███████████████████▊                                                           | 1/4 [00:17<00:53, 17.86s/it]Run validation:  50%|███████████████████████████████████████▌                                       | 2/4 [00:26<00:24, 12.27s/it]Run validation:  75%|███████████████████████████████████████████████████████████▎                   | 3/4 [00:34<00:10, 10.31s/it]Run validation: 100%|███████████████████████████████████████████████████████████████████████████████| 4/4 [00:42<00:00,  9.39s/it]Run validation: 100%|███████████████████████████████████████████████████████████████████████████████| 4/4 [00:42<00:00, 10.55s/it]
Pred: [[144, 150, 1.0]], Label: [[82, 150]]
Pred: [[0, 126, 1.0]], Label: [[0, 16]]
Pred: [[126, 150, 1.0]], Label: [[40, 90]]
Pred: [[0, 150, 1.0]], Label: [[66, 96]]
Pred: [[144, 150, 1.0]], Label: [[134, 148]]
Pred: [[144, 150, 1.0]], Label: [[100, 104], [114, 136]]
Pred: [[144, 150, 1.0]], Label: [[58, 150]]
Pred: [[144, 150, 1.0]], Label: [[0, 32]]
Pred: [[144, 150, 1.0]], Label: [[58, 82], [96, 106], [124, 128], [138, 150]]


 --- Metrics for Each Threshold --- 
threshold   R1-at-0.5    *R1-at-0.7*    mAP          mAP-at-0.5   mAP-at-0.7   member       
--------------------------------------------------------------------------------------------
0.5000      5.2100       0.0000       1.0350       3.0400       0.0000       1.0000       

Some prediction from the best threshold: 
0000000000000000000000001
1111111111111111111111111
0000000000000000000001111
1111111111111111111111111
0000000000000000000000001
0000000000000000000000001
0000000000000000000000001
0000000000000000000000001
0000000000000000000000001
1111111111111111111111111
1111111111111111111111111
0000000000000000000000001
0000000000000000000000001
0000000000000000000000001
0000000000000000000000001
0000000000000000000000001
0.8 0.06666666666666667 0.06666666666666667 0.06666666666666667
0.8 0.06666666666666667 0.06666666666666667 0.06666666666666667

[07/29 15:28:51] Validation steps:
225,451,677,903,1129,1355,1581,1807,2033,2259,2485,2711,2937,3163,3389,3615,3841,4067,4293,4519
0.8 0.06666666666666667 0.06666666666666667 0.06666666666666667
Training on Epoch: 1:   0%|                                                                     | 0/226 [00:00<?, ?it/s]0.8 0.06666666666666667 0.06666666666666667 0.06666666666666667
using builtin loss
Training on Epoch: 1:   0%|▎                                                          | 1/226 [01:00<3:48:27, 60.92s/it]                                                                                                                        [ 227/4519]    bce_loss 0.0755 (0.0726)    ce_loss 0.2523 (0.2089)    gd_loss 0.0467 (0.0495)    tv_loss 0.0322 (0.0336)    lr 4.91e-06    step_time_s 17.1    data_time_ms 0.9    tokens_k 3.58    positive_ratio 0.18 (0.16)
Training on Epoch: 1:   0%|▎                                                          | 1/226 [01:18<3:48:27, 60.92s/it]Training on Epoch: 1:   1%|▌                                                          | 2/226 [01:18<2:11:49, 35.31s/it]Training on Epoch: 1:   1%|▊                                                          | 3/226 [01:34<1:38:32, 26.51s/it]                                                                                                                        [ 229/4519]    bce_loss 0.1542 (0.1078)    ce_loss 0.2678 (0.2235)    gd_loss 0.0452 (0.0476)    tv_loss 0.0341 (0.0322)    lr 5.00e-06    step_time_s 17.0    data_time_ms 0.8    tokens_k 3.57    positive_ratio 0.38 (0.28)
Training on Epoch: 1:   1%|▊                                                          | 3/226 [01:51<1:38:32, 26.51s/it]Training on Epoch: 1:   2%|█                                                          | 4/226 [01:51<1:24:11, 22.75s/it]Training on Epoch: 1:   2%|█▎                                                         | 5/226 [02:07<1:14:58, 20.35s/it]                                                                                                                        [ 231/4519]    bce_loss 0.0685 (0.0946)    ce_loss 0.2062 (0.2191)    gd_loss 0.0534 (0.0475)    tv_loss 0.0352 (0.0323)    lr 5.00e-06    step_time_s 16.1    data_time_ms 0.8    tokens_k 3.54    positive_ratio 0.12 (0.28)
Training on Epoch: 1:   2%|█▎                                                         | 5/226 [02:23<1:14:58, 20.35s/it]Training on Epoch: 1:   3%|█▌                                                         | 6/226 [02:23<1:09:22, 18.92s/it]Training on Epoch: 1:   3%|█▊                                                         | 7/226 [02:40<1:06:09, 18.12s/it]                                                                                                                        [ 233/4519]    bce_loss 0.1278 (0.1126)    ce_loss 0.2087 (0.2197)    gd_loss 0.0440 (0.0447)    tv_loss 0.0315 (0.0303)    lr 5.09e-06    step_time_s 16.4    data_time_ms 0.9    tokens_k 3.54    positive_ratio 0.34 (0.35)
Training on Epoch: 1:   3%|█▊                                                         | 7/226 [02:56<1:06:09, 18.12s/it]Training on Epoch: 1:   4%|██                                                         | 8/226 [02:56<1:03:51, 17.57s/it]Training on Epoch: 1:   4%|██▎                                                        | 9/226 [03:12<1:02:22, 17.25s/it]                                                                                                                        [ 235/4519]    bce_loss 0.1042 (0.0925)    ce_loss 0.2326 (0.2264)    gd_loss 0.0468 (0.0478)    tv_loss 0.0297 (0.0319)    lr 5.09e-06    step_time_s 16.1    data_time_ms 0.6    tokens_k 3.55    positive_ratio 0.35 (0.26)
Training on Epoch: 1:   4%|██▎                                                        | 9/226 [03:29<1:02:22, 17.25s/it]Training on Epoch: 1:   4%|██▌                                                       | 10/226 [03:29<1:00:50, 16.90s/it]Training on Epoch: 1:   5%|██▊                                                       | 11/226 [03:45<1:00:10, 16.79s/it]                                                                                                                        [ 237/4519]    bce_loss 0.0709 (0.0796)    ce_loss 0.2169 (0.2336)    gd_loss 0.0504 (0.0487)    tv_loss 0.0336 (0.0331)    lr 5.18e-06    step_time_s 16.4    data_time_ms 0.8    tokens_k 3.55    positive_ratio 0.15 (0.21)
Training on Epoch: 1:   5%|██▊                                                       | 11/226 [04:02<1:00:10, 16.79s/it]Training on Epoch: 1:   5%|███▏                                                        | 12/226 [04:02<59:27, 16.67s/it]Training on Epoch: 1:   6%|███▍                                                        | 13/226 [04:18<58:49, 16.57s/it]                                                                                                                        [ 239/4519]    bce_loss 0.0637 (0.0819)    ce_loss 0.1604 (0.1744)    gd_loss 0.0515 (0.0494)    tv_loss 0.0338 (0.0332)    lr 5.18e-06    step_time_s 16.1    data_time_ms 0.6    tokens_k 3.57    positive_ratio 0.13 (0.19)
Training on Epoch: 1:   6%|███▍                                                        | 13/226 [04:34<58:49, 16.57s/it]Training on Epoch: 1:   6%|███▋                                                        | 14/226 [04:34<58:05, 16.44s/it]Training on Epoch: 1:   7%|███▉                                                        | 15/226 [04:50<57:30, 16.35s/it]                                                                                                                        [ 241/4519]    bce_loss 0.0712 (0.0749)    ce_loss 0.2057 (0.1924)    gd_loss 0.0482 (0.0496)    tv_loss 0.0332 (0.0328)    lr 5.27e-06    step_time_s 16.4    data_time_ms 0.5    tokens_k 3.57    positive_ratio 0.16 (0.18)
Training on Epoch: 1:   7%|███▉                                                        | 15/226 [05:07<57:30, 16.35s/it]Training on Epoch: 1:   7%|████▏                                                       | 16/226 [05:07<57:15, 16.36s/it]Training on Epoch: 1:   8%|████▌                                                       | 17/226 [05:23<56:44, 16.29s/it]                                                                                                                        [ 243/4519]    bce_loss 0.0627 (0.0842)    ce_loss 0.1687 (0.2281)    gd_loss 0.0476 (0.0475)    tv_loss 0.0317 (0.0324)    lr 5.27e-06    step_time_s 16.1    data_time_ms 0.9    tokens_k 3.59    positive_ratio 0.14 (0.23)
Training on Epoch: 1:   8%|████▌                                                       | 17/226 [05:39<56:44, 16.29s/it]Training on Epoch: 1:   8%|████▊                                                       | 18/226 [05:39<56:17, 16.24s/it]Training on Epoch: 1:   8%|█████                                                       | 19/226 [05:55<56:00, 16.23s/it]                                                                                                                        [ 245/4519]    bce_loss 0.0652 (0.0748)    ce_loss 0.1795 (0.2144)    gd_loss 0.0486 (0.0512)    tv_loss 0.0323 (0.0339)    lr 5.36e-06    step_time_s 16.4    data_time_ms 1.1    tokens_k 3.58    positive_ratio 0.15 (0.18)
Training on Epoch: 1:   8%|█████                                                       | 19/226 [06:11<56:00, 16.23s/it]Training on Epoch: 1:   9%|█████▎                                                      | 20/226 [06:11<55:56, 16.29s/it]Training on Epoch: 1:   9%|█████▌                                                      | 21/226 [06:28<55:32, 16.25s/it]                                                                                                                        [ 247/4519]    bce_loss 0.0646 (0.0698)    ce_loss 0.2668 (0.2147)    gd_loss 0.0500 (0.0509)    tv_loss 0.0332 (0.0350)    lr 5.36e-06    step_time_s 16.2    data_time_ms 1.1    tokens_k 3.56    positive_ratio 0.14 (0.15)
Training on Epoch: 1:   9%|█████▌                                                      | 21/226 [06:44<55:32, 16.25s/it]Training on Epoch: 1:  10%|█████▊                                                      | 22/226 [06:44<55:09, 16.22s/it]Training on Epoch: 1:  10%|██████                                                      | 23/226 [07:00<54:58, 16.25s/it]                                                                                                                        [ 249/4519]    bce_loss 0.0702 (0.0742)    ce_loss 0.2612 (0.1991)    gd_loss 0.0491 (0.0503)    tv_loss 0.0328 (0.0332)    lr 5.45e-06    step_time_s 16.4    data_time_ms 1.1    tokens_k 3.56    positive_ratio 0.17 (0.19)
Training on Epoch: 1:  10%|██████                                                      | 23/226 [07:16<54:58, 16.25s/it]Training on Epoch: 1:  11%|██████▎                                                     | 24/226 [07:16<54:50, 16.29s/it]Training on Epoch: 1:  11%|██████▋                                                     | 25/226 [07:33<54:25, 16.25s/it]                                                                                                                        [ 251/4519]    bce_loss 0.0675 (0.0648)    ce_loss 0.1567 (0.2263)    gd_loss 0.0508 (0.0501)    tv_loss 0.0331 (0.0327)    lr 5.45e-06    step_time_s 16.1    data_time_ms 1.3    tokens_k 3.58    positive_ratio 0.13 (0.15)
Training on Epoch: 1:  11%|██████▋                                                     | 25/226 [07:49<54:25, 16.25s/it]Training on Epoch: 1:  12%|██████▉                                                     | 26/226 [07:49<54:02, 16.21s/it]Training on Epoch: 1:  12%|███████▏                                                    | 27/226 [08:05<53:41, 16.19s/it]                                                                                                                        [ 253/4519]    bce_loss 0.0648 (0.0728)    ce_loss 0.1789 (0.2340)    gd_loss 0.0502 (0.0482)    tv_loss 0.0330 (0.0322)    lr 5.54e-06    step_time_s 16.4    data_time_ms 0.8    tokens_k 3.57    positive_ratio 0.14 (0.19)
Training on Epoch: 1:  12%|███████▏                                                    | 27/226 [08:21<53:41, 16.19s/it]Training on Epoch: 1:  12%|███████▍                                                    | 28/226 [08:21<53:36, 16.25s/it]Training on Epoch: 1:  13%|███████▋                                                    | 29/226 [08:37<53:13, 16.21s/it]                                                                                                                        [ 255/4519]    bce_loss 0.0624 (0.0775)    ce_loss 0.1603 (0.2218)    gd_loss 0.0427 (0.0467)    tv_loss 0.0305 (0.0322)    lr 5.54e-06    step_time_s 16.1    data_time_ms 1.1    tokens_k 3.57    positive_ratio 0.23 (0.27)
Training on Epoch: 1:  13%|███████▋                                                    | 29/226 [08:54<53:13, 16.21s/it]Training on Epoch: 1:  13%|███████▉                                                    | 30/226 [08:54<52:53, 16.19s/it]Training on Epoch: 1:  14%|████████▏                                                   | 31/226 [09:10<52:34, 16.17s/it]                                                                                                                        [ 257/4519]    bce_loss 0.0894 (0.0699)    ce_loss 0.1793 (0.1786)    gd_loss 0.0446 (0.0488)    tv_loss 0.0286 (0.0324)    lr 5.63e-06    step_time_s 16.7    data_time_ms 0.8    tokens_k 3.59    positive_ratio 0.32 (0.19)
Training on Epoch: 1:  14%|████████▏                                                   | 31/226 [09:26<52:34, 16.17s/it]Training on Epoch: 1:  14%|████████▍                                                   | 32/226 [09:26<52:46, 16.32s/it]Training on Epoch: 1:  15%|████████▊                                                   | 33/226 [09:42<52:19, 16.27s/it]                                                                                                                        [ 259/4519]    bce_loss 0.0653 (0.0684)    ce_loss 0.2043 (0.1825)    gd_loss 0.0499 (0.0507)    tv_loss 0.0335 (0.0336)    lr 5.63e-06    step_time_s 16.1    data_time_ms 1.0    tokens_k 3.55    positive_ratio 0.16 (0.20)
Training on Epoch: 1:  15%|████████▊                                                   | 33/226 [09:59<52:19, 16.27s/it]Training on Epoch: 1:  15%|█████████                                                   | 34/226 [09:59<51:57, 16.23s/it]Training on Epoch: 1:  15%|█████████▎                                                  | 35/226 [10:15<51:36, 16.21s/it]                                                                                                                        [ 261/4519]    bce_loss 0.0960 (0.0855)    ce_loss 0.3722 (0.2607)    gd_loss 0.0437 (0.0454)    tv_loss 0.0307 (0.0316)    lr 5.71e-06    step_time_s 16.4    data_time_ms 2.4    tokens_k 3.56    positive_ratio 0.39 (0.32)
Training on Epoch: 1:  15%|█████████▎                                                  | 35/226 [10:31<51:36, 16.21s/it]Training on Epoch: 1:  16%|█████████▌                                                  | 36/226 [10:31<51:33, 16.28s/it]Training on Epoch: 1:  16%|█████████▊                                                  | 37/226 [10:48<51:27, 16.34s/it]                                                                                                                        [ 263/4519]    bce_loss 0.0940 (0.0759)    ce_loss 0.1504 (0.2004)    gd_loss 0.0495 (0.0490)    tv_loss 0.0334 (0.0331)    lr 5.71e-06    step_time_s 16.1    data_time_ms 0.9    tokens_k 3.56    positive_ratio 0.40 (0.27)
Training on Epoch: 1:  16%|█████████▊                                                  | 37/226 [11:04<51:27, 16.34s/it]Training on Epoch: 1:  17%|██████████                                                  | 38/226 [11:04<51:00, 16.28s/it]Training on Epoch: 1:  17%|██████████▎                                                 | 39/226 [11:20<50:49, 16.31s/it]                                                                                                                        [ 265/4519]    bce_loss 0.0686 (0.0641)    ce_loss 0.2227 (0.2406)    gd_loss 0.0501 (0.0506)    tv_loss 0.0345 (0.0338)    lr 5.80e-06    step_time_s 16.4    data_time_ms 1.1    tokens_k 3.55    positive_ratio 0.16 (0.15)
Training on Epoch: 1:  17%|██████████▎                                                 | 39/226 [11:37<50:49, 16.31s/it]Training on Epoch: 1:  18%|██████████▌                                                 | 40/226 [11:37<50:40, 16.35s/it]Training on Epoch: 1:  18%|██████████▉                                                 | 41/226 [11:53<50:11, 16.28s/it]                                                                                                                        [ 267/4519]    bce_loss 0.0586 (0.0771)    ce_loss 0.2378 (0.2056)    gd_loss 0.0499 (0.0488)    tv_loss 0.0327 (0.0323)    lr 5.80e-06    step_time_s 16.1    data_time_ms 1.2    tokens_k 3.54    positive_ratio 0.14 (0.28)
Training on Epoch: 1:  18%|██████████▉                                                 | 41/226 [12:09<50:11, 16.28s/it]Training on Epoch: 1:  19%|███████████▏                                                | 42/226 [12:09<49:48, 16.24s/it]Training on Epoch: 1:  19%|███████████▍                                                | 43/226 [12:25<49:26, 16.21s/it]                                                                                                                        [ 269/4519]    bce_loss 0.0798 (0.0660)    ce_loss 0.2400 (0.1987)    gd_loss 0.0425 (0.0487)    tv_loss 0.0296 (0.0327)    lr 5.89e-06    step_time_s 16.4    data_time_ms 1.3    tokens_k 3.56    positive_ratio 0.33 (0.19)
Training on Epoch: 1:  19%|███████████▍                                                | 43/226 [12:41<49:26, 16.21s/it]Training on Epoch: 1:  19%|███████████▋                                                | 44/226 [12:41<49:20, 16.26s/it]Training on Epoch: 1:  20%|███████████▉                                                | 45/226 [12:58<48:56, 16.23s/it]                                                                                                                        [ 271/4519]    bce_loss 0.0544 (0.0555)    ce_loss 0.2144 (0.2118)    gd_loss 0.0483 (0.0501)    tv_loss 0.0310 (0.0319)    lr 5.89e-06    step_time_s 16.1    data_time_ms 1.0    tokens_k 3.55    positive_ratio 0.16 (0.14)
Training on Epoch: 1:  20%|███████████▉                                                | 45/226 [13:14<48:56, 16.23s/it]Training on Epoch: 1:  20%|████████████▏                                               | 46/226 [13:14<48:35, 16.20s/it]Training on Epoch: 1:  21%|████████████▍                                               | 47/226 [13:30<48:16, 16.18s/it]                                                                                                                        [ 273/4519]    bce_loss 0.0630 (0.0645)    ce_loss 0.1728 (0.2099)    gd_loss 0.0540 (0.0504)    tv_loss 0.0365 (0.0333)    lr 5.98e-06    step_time_s 16.4    data_time_ms 3.5    tokens_k 3.55    positive_ratio 0.12 (0.19)
Training on Epoch: 1:  21%|████████████▍                                               | 47/226 [13:46<48:16, 16.18s/it]Training on Epoch: 1:  21%|████████████▋                                               | 48/226 [13:46<48:11, 16.24s/it]Training on Epoch: 1:  22%|█████████████                                               | 49/226 [14:03<48:03, 16.29s/it]                                                                                                                        [ 275/4519]    bce_loss 0.0792 (0.0745)    ce_loss 0.2932 (0.2368)    gd_loss 0.0442 (0.0472)    tv_loss 0.0268 (0.0302)    lr 5.98e-06    step_time_s 16.2    data_time_ms 1.2    tokens_k 3.56    positive_ratio 0.32 (0.26)
Training on Epoch: 1:  22%|█████████████                                               | 49/226 [14:19<48:03, 16.29s/it]Training on Epoch: 1:  22%|█████████████▎                                              | 50/226 [14:19<47:40, 16.25s/it]Training on Epoch: 1:  23%|█████████████▌                                              | 51/226 [14:35<47:16, 16.21s/it]                                                                                                                        [ 277/4519]    bce_loss 0.0566 (0.0767)    ce_loss 0.2055 (0.2401)    gd_loss 0.0511 (0.0476)    tv_loss 0.0332 (0.0314)    lr 6.07e-06    step_time_s 16.4    data_time_ms 1.1    tokens_k 3.59    positive_ratio 0.13 (0.26)
Training on Epoch: 1:  23%|█████████████▌                                              | 51/226 [14:51<47:16, 16.21s/it]Training on Epoch: 1:  23%|█████████████▊                                              | 52/226 [14:51<47:11, 16.27s/it]Training on Epoch: 1:  23%|██████████████                                              | 53/226 [15:07<46:47, 16.23s/it]                                                                                                                        [ 279/4519]    bce_loss 0.0616 (0.0689)    ce_loss 0.2506 (0.2252)    gd_loss 0.0514 (0.0488)    tv_loss 0.0337 (0.0311)    lr 6.07e-06    step_time_s 16.1    data_time_ms 2.1    tokens_k 3.53    positive_ratio 0.14 (0.22)
Training on Epoch: 1:  23%|██████████████                                              | 53/226 [15:24<46:47, 16.23s/it]Training on Epoch: 1:  24%|██████████████▎                                             | 54/226 [15:24<46:26, 16.20s/it]Training on Epoch: 1:  24%|██████████████▌                                             | 55/226 [15:40<46:06, 16.18s/it]                                                                                                                        [ 281/4519]    bce_loss 0.0526 (0.0807)    ce_loss 0.2189 (0.2149)    gd_loss 0.0524 (0.0492)    tv_loss 0.0327 (0.0323)    lr 6.16e-06    step_time_s 16.4    data_time_ms 0.9    tokens_k 3.54    positive_ratio 0.13 (0.28)
Training on Epoch: 1:  24%|██████████████▌                                             | 55/226 [15:56<46:06, 16.18s/it]Training on Epoch: 1:  25%|██████████████▊                                             | 56/226 [15:56<46:02, 16.25s/it]Training on Epoch: 1:  25%|███████████████▏                                            | 57/226 [16:12<45:39, 16.21s/it]                                                                                                                        [ 283/4519]    bce_loss 0.0901 (0.0712)    ce_loss 0.2843 (0.2087)    gd_loss 0.0435 (0.0473)    tv_loss 0.0268 (0.0298)    lr 6.16e-06    step_time_s 16.1    data_time_ms 1.0    tokens_k 3.54    positive_ratio 0.39 (0.25)
Training on Epoch: 1:  25%|███████████████▏                                            | 57/226 [16:28<45:39, 16.21s/it]Training on Epoch: 1:  26%|███████████████▍                                            | 58/226 [16:28<45:18, 16.18s/it]Training on Epoch: 1:  26%|███████████████▋                                            | 59/226 [16:45<45:00, 16.17s/it]                                                                                                                        [ 285/4519]    bce_loss 0.0553 (0.0719)    ce_loss 0.2033 (0.2122)    gd_loss 0.0519 (0.0491)    tv_loss 0.0323 (0.0312)    lr 6.25e-06    step_time_s 16.4    data_time_ms 3.5    tokens_k 3.54    positive_ratio 0.14 (0.23)
Training on Epoch: 1:  26%|███████████████▋                                            | 59/226 [17:01<45:00, 16.17s/it]Training on Epoch: 1:  27%|███████████████▉                                            | 60/226 [17:01<44:56, 16.25s/it]Training on Epoch: 1:  27%|████████████████▏                                           | 61/226 [17:17<44:35, 16.21s/it]                                                                                                                        [ 287/4519]    bce_loss 0.0555 (0.0679)    ce_loss 0.2232 (0.2371)    gd_loss 0.0501 (0.0458)    tv_loss 0.0309 (0.0286)    lr 6.25e-06    step_time_s 16.1    data_time_ms 3.2    tokens_k 3.57    positive_ratio 0.15 (0.26)
Training on Epoch: 1:  27%|████████████████▏                                           | 61/226 [17:33<44:35, 16.21s/it]Training on Epoch: 1:  27%|████████████████▍                                           | 62/226 [17:33<44:14, 16.19s/it]Training on Epoch: 1:  28%|████████████████▋                                           | 63/226 [17:50<44:07, 16.24s/it]                                                                                                                        [ 289/4519]    bce_loss 0.0837 (0.0575)    ce_loss 0.1824 (0.1724)    gd_loss 0.0431 (0.0494)    tv_loss 0.0307 (0.0313)    lr 6.34e-06    step_time_s 16.4    data_time_ms 1.3    tokens_k 3.56    positive_ratio 0.32 (0.18)
Training on Epoch: 1:  28%|████████████████▋                                           | 63/226 [18:06<44:07, 16.24s/it]Training on Epoch: 1:  28%|████████████████▉                                           | 64/226 [18:06<43:57, 16.28s/it]Training on Epoch: 1:  29%|█████████████████▎                                          | 65/226 [18:22<43:34, 16.24s/it]                                                                                                                        [ 291/4519]    bce_loss 0.0833 (0.0691)    ce_loss 0.2270 (0.2095)    gd_loss 0.0418 (0.0458)    tv_loss 0.0286 (0.0306)    lr 6.34e-06    step_time_s 16.1    data_time_ms 2.3    tokens_k 3.56    positive_ratio 0.33 (0.25)
Training on Epoch: 1:  29%|█████████████████▎                                          | 65/226 [18:38<43:34, 16.24s/it]Training on Epoch: 1:  29%|█████████████████▌                                          | 66/226 [18:38<43:13, 16.21s/it]Training on Epoch: 1:  30%|█████████████████▊                                          | 67/226 [18:54<42:56, 16.20s/it]                                                                                                                        [ 293/4519]    bce_loss 0.1001 (0.0807)    ce_loss 0.2805 (0.2349)    gd_loss 0.0448 (0.0441)    tv_loss 0.0320 (0.0294)    lr 6.43e-06    step_time_s 16.4    data_time_ms 0.8    tokens_k 3.55    positive_ratio 0.38 (0.32)
Training on Epoch: 1:  30%|█████████████████▊                                          | 67/226 [19:11<42:56, 16.20s/it]Training on Epoch: 1:  30%|██████████████████                                          | 68/226 [19:11<42:50, 16.27s/it]Training on Epoch: 1:  31%|██████████████████▎                                         | 69/226 [19:27<42:38, 16.30s/it]                                                                                                                        [ 295/4519]    bce_loss 0.0939 (0.0645)    ce_loss 0.1993 (0.1875)    gd_loss 0.0433 (0.0489)    tv_loss 0.0287 (0.0306)    lr 6.43e-06    step_time_s 16.1    data_time_ms 1.2    tokens_k 3.56    positive_ratio 0.45 (0.22)
Training on Epoch: 1:  31%|██████████████████▎                                         | 69/226 [19:43<42:38, 16.30s/it]Training on Epoch: 1:  31%|██████████████████▌                                         | 70/226 [19:43<42:15, 16.25s/it]Training on Epoch: 1:  31%|██████████████████▊                                         | 71/226 [19:59<41:53, 16.21s/it]                                                                                                                        [ 297/4519]    bce_loss 0.0877 (0.0849)    ce_loss 0.1759 (0.2035)    gd_loss 0.0457 (0.0443)    tv_loss 0.0320 (0.0294)    lr 6.52e-06    step_time_s 16.7    data_time_ms 0.6    tokens_k 3.56    positive_ratio 0.38 (0.36)
Training on Epoch: 1:  31%|██████████████████▊                                         | 71/226 [20:16<41:53, 16.21s/it]Training on Epoch: 1:  32%|███████████████████                                         | 72/226 [20:16<41:57, 16.35s/it]Training on Epoch: 1:  32%|███████████████████▍                                        | 73/226 [20:32<41:30, 16.28s/it]                                                                                                                        [ 299/4519]    bce_loss 0.0549 (0.0520)    ce_loss 0.1916 (0.2073)    gd_loss 0.0506 (0.0518)    tv_loss 0.0331 (0.0325)    lr 6.52e-06    step_time_s 16.1    data_time_ms 1.0    tokens_k 3.55    positive_ratio 0.15 (0.14)
Training on Epoch: 1:  32%|███████████████████▍                                        | 73/226 [20:48<41:30, 16.28s/it]Training on Epoch: 1:  33%|███████████████████▋                                        | 74/226 [20:48<41:07, 16.23s/it]Training on Epoch: 1:  33%|███████████████████▉                                        | 75/226 [21:05<40:55, 16.26s/it]                                                                                                                        [ 301/4519]    bce_loss 0.0525 (0.0694)    ce_loss 0.1871 (0.2270)    gd_loss 0.0494 (0.0466)    tv_loss 0.0313 (0.0315)    lr 6.61e-06    step_time_s 16.4    data_time_ms 1.1    tokens_k 3.56    positive_ratio 0.16 (0.23)
Training on Epoch: 1:  33%|███████████████████▉                                        | 75/226 [21:21<40:55, 16.26s/it]Training on Epoch: 1:  34%|████████████████████▏                                       | 76/226 [21:21<40:46, 16.31s/it]Training on Epoch: 1:  34%|████████████████████▍                                       | 77/226 [21:37<40:21, 16.25s/it]                                                                                                                        [ 303/4519]    bce_loss 0.0458 (0.0620)    ce_loss 0.1620 (0.1897)    gd_loss 0.0546 (0.0491)    tv_loss 0.0344 (0.0316)    lr 6.61e-06    step_time_s 16.1    data_time_ms 0.7    tokens_k 3.55    positive_ratio 0.10 (0.22)
Training on Epoch: 1:  34%|████████████████████▍                                       | 77/226 [21:53<40:21, 16.25s/it]Training on Epoch: 1:  35%|████████████████████▋                                       | 78/226 [21:53<40:00, 16.22s/it]Training on Epoch: 1:  35%|████████████████████▉                                       | 79/226 [22:10<39:38, 16.18s/it]                                                                                                                        [ 305/4519]    bce_loss 0.0490 (0.0595)    ce_loss 0.1934 (0.1992)    gd_loss 0.0498 (0.0498)    tv_loss 0.0300 (0.0311)    lr 6.70e-06    step_time_s 16.3    data_time_ms 1.6    tokens_k 3.58    positive_ratio 0.14 (0.19)
Training on Epoch: 1:  35%|████████████████████▉                                       | 79/226 [22:26<39:38, 16.18s/it]Training on Epoch: 1:  35%|█████████████████████▏                                      | 80/226 [22:26<39:29, 16.23s/it]Training on Epoch: 1:  36%|█████████████████████▌                                      | 81/226 [22:42<39:08, 16.20s/it]                                                                                                                        [ 307/4519]    bce_loss 0.0902 (0.0825)    ce_loss 0.2451 (0.2201)    gd_loss 0.0448 (0.0461)    tv_loss 0.0288 (0.0299)    lr 6.70e-06    step_time_s 16.1    data_time_ms 1.0    tokens_k 3.58    positive_ratio 0.37 (0.34)
Training on Epoch: 1:  36%|█████████████████████▌                                      | 81/226 [22:58<39:08, 16.20s/it]Training on Epoch: 1:  36%|█████████████████████▊                                      | 82/226 [22:58<38:49, 16.18s/it]Training on Epoch: 1:  37%|██████████████████████                                      | 83/226 [23:14<38:29, 16.15s/it]                                                                                                                        [ 309/4519]    bce_loss 0.0599 (0.0559)    ce_loss 0.3462 (0.2515)    gd_loss 0.0499 (0.0495)    tv_loss 0.0332 (0.0319)    lr 6.79e-06    step_time_s 16.4    data_time_ms 0.9    tokens_k 3.55    positive_ratio 0.16 (0.16)
Training on Epoch: 1:  37%|██████████████████████                                      | 83/226 [23:31<38:29, 16.15s/it]Training on Epoch: 1:  37%|██████████████████████▎                                     | 84/226 [23:31<38:22, 16.21s/it]Training on Epoch: 1:  38%|██████████████████████▌                                     | 85/226 [23:47<38:02, 16.18s/it]                                                                                                                        [ 311/4519]    bce_loss 0.0530 (0.0562)    ce_loss 0.2500 (0.2338)    gd_loss 0.0518 (0.0497)    tv_loss 0.0325 (0.0320)    lr 6.79e-06    step_time_s 16.1    data_time_ms 1.1    tokens_k 3.55    positive_ratio 0.13 (0.16)
Training on Epoch: 1:  38%|██████████████████████▌                                     | 85/226 [24:03<38:02, 16.18s/it]Training on Epoch: 1:  38%|██████████████████████▊                                     | 86/226 [24:03<37:44, 16.17s/it]Training on Epoch: 1:  38%|███████████████████████                                     | 87/226 [24:19<37:26, 16.16s/it]                                                                                                                        [ 313/4519]    bce_loss 0.0840 (0.0805)    ce_loss 0.2020 (0.2404)    gd_loss 0.0460 (0.0443)    tv_loss 0.0303 (0.0304)    lr 6.88e-06    step_time_s 16.4    data_time_ms 1.1    tokens_k 3.58    positive_ratio 0.38 (0.35)
Training on Epoch: 1:  38%|███████████████████████                                     | 87/226 [24:35<37:26, 16.16s/it]Training on Epoch: 1:  39%|███████████████████████▎                                    | 88/226 [24:35<37:20, 16.24s/it]Training on Epoch: 1:  39%|███████████████████████▋                                    | 89/226 [24:51<36:59, 16.20s/it]                                                                                                                        [ 315/4519]    bce_loss 0.0440 (0.0601)    ce_loss 0.2099 (0.2216)    gd_loss 0.0537 (0.0484)    tv_loss 0.0322 (0.0312)    lr 6.88e-06    step_time_s 16.1    data_time_ms 27.2    tokens_k 3.56    positive_ratio 0.10 (0.22)
Training on Epoch: 1:  39%|███████████████████████▋                                    | 89/226 [25:08<36:59, 16.20s/it]Training on Epoch: 1:  40%|███████████████████████▉                                    | 90/226 [25:08<36:40, 16.18s/it]Training on Epoch: 1:  40%|████████████████████████▏                                   | 91/226 [25:24<36:23, 16.18s/it]                                                                                                                        [ 317/4519]    bce_loss 0.0572 (0.0596)    ce_loss 0.2213 (0.1769)    gd_loss 0.0491 (0.0488)    tv_loss 0.0323 (0.0314)    lr 6.96e-06    step_time_s 16.4    data_time_ms 1.2    tokens_k 3.56    positive_ratio 0.17 (0.20)
Training on Epoch: 1:  40%|████████████████████████▏                                   | 91/226 [25:40<36:23, 16.18s/it]Training on Epoch: 1:  41%|████████████████████████▍                                   | 92/226 [25:40<36:15, 16.23s/it]Training on Epoch: 1:  41%|████████████████████████▋                                   | 93/226 [25:56<35:54, 16.20s/it]                                                                                                                        [ 319/4519]    bce_loss 0.0475 (0.0588)    ce_loss 0.2039 (0.2212)    gd_loss 0.0511 (0.0499)    tv_loss 0.0317 (0.0316)    lr 6.96e-06    step_time_s 16.3    data_time_ms 1.1    tokens_k 3.54    positive_ratio 0.13 (0.19)
Training on Epoch: 1:  41%|████████████████████████▋                                   | 93/226 [26:13<35:54, 16.20s/it]Training on Epoch: 1:  42%|████████████████████████▉                                   | 94/226 [26:13<35:43, 16.24s/it]Training on Epoch: 1:  42%|█████████████████████████▏                                  | 95/226 [26:29<35:23, 16.21s/it]                                                                                                                        [ 321/4519]    bce_loss 0.0591 (0.0553)    ce_loss 0.2074 (0.2503)    gd_loss 0.0478 (0.0496)    tv_loss 0.0329 (0.0311)    lr 7.05e-06    step_time_s 16.4    data_time_ms 1.3    tokens_k 3.55    positive_ratio 0.18 (0.16)
Training on Epoch: 1:  42%|█████████████████████████▏                                  | 95/226 [26:45<35:23, 16.21s/it]Training on Epoch: 1:  42%|█████████████████████████▍                                  | 96/226 [26:45<35:15, 16.27s/it]Training on Epoch: 1:  43%|█████████████████████████▊                                  | 97/226 [27:01<34:53, 16.23s/it]                                                                                                                        [ 323/4519]    bce_loss 0.0557 (0.0632)    ce_loss 0.2180 (0.2152)    gd_loss 0.0510 (0.0484)    tv_loss 0.0333 (0.0312)    lr 7.05e-06    step_time_s 16.1    data_time_ms 1.1    tokens_k 3.56    positive_ratio 0.15 (0.23)
Training on Epoch: 1:  43%|█████████████████████████▊                                  | 97/226 [27:17<34:53, 16.23s/it]Training on Epoch: 1:  43%|██████████████████████████                                  | 98/226 [27:17<34:33, 16.20s/it]Training on Epoch: 1:  44%|██████████████████████████▎                                 | 99/226 [27:34<34:13, 16.17s/it]                                                                                                                        [ 325/4519]    bce_loss 0.0576 (0.0667)    ce_loss 0.1635 (0.1951)    gd_loss 0.0503 (0.0475)    tv_loss 0.0323 (0.0309)    lr 7.14e-06    step_time_s 16.4    data_time_ms 1.1    tokens_k 3.57    positive_ratio 0.15 (0.25)
Training on Epoch: 1:  44%|██████████████████████████▎                                 | 99/226 [27:50<34:13, 16.17s/it]Training on Epoch: 1:  44%|██████████████████████████                                 | 100/226 [27:50<34:07, 16.25s/it]Training on Epoch: 1:  45%|██████████████████████████▎                                | 101/226 [28:06<33:47, 16.22s/it]                                                                                                                        [ 327/4519]    bce_loss 0.0506 (0.0529)    ce_loss 0.2445 (0.2008)    gd_loss 0.0501 (0.0503)    tv_loss 0.0308 (0.0321)    lr 7.14e-06    step_time_s 16.1    data_time_ms 1.5    tokens_k 3.56    positive_ratio 0.14 (0.15)
Training on Epoch: 1:  45%|██████████████████████████▎                                | 101/226 [28:22<33:47, 16.22s/it]Training on Epoch: 1:  45%|██████████████████████████▋                                | 102/226 [28:22<33:27, 16.19s/it]Training on Epoch: 1:  46%|██████████████████████████▉                                | 103/226 [28:38<33:09, 16.17s/it]                                                                                                                        [ 329/4519]    bce_loss 0.0781 (0.0579)    ce_loss 0.2186 (0.2038)    gd_loss 0.0466 (0.0497)    tv_loss 0.0316 (0.0321)    lr 7.23e-06    step_time_s 16.4    data_time_ms 1.0    tokens_k 3.57    positive_ratio 0.36 (0.20)
Training on Epoch: 1:  46%|██████████████████████████▉                                | 103/226 [28:55<33:09, 16.17s/it]Training on Epoch: 1:  46%|███████████████████████████▏                               | 104/226 [28:55<33:01, 16.24s/it]Training on Epoch: 1:  46%|███████████████████████████▍                               | 105/226 [29:11<32:42, 16.22s/it]                                                                                                                        [ 331/4519]    bce_loss 0.0523 (0.0589)    ce_loss 0.2176 (0.2049)    gd_loss 0.0496 (0.0501)    tv_loss 0.0317 (0.0318)    lr 7.23e-06    step_time_s 16.1    data_time_ms 1.2    tokens_k 3.57    positive_ratio 0.15 (0.19)
Training on Epoch: 1:  46%|███████████████████████████▍                               | 105/226 [29:27<32:42, 16.22s/it]Training on Epoch: 1:  47%|███████████████████████████▋                               | 106/226 [29:27<32:22, 16.19s/it]Training on Epoch: 1:  47%|███████████████████████████▉                               | 107/226 [29:43<32:14, 16.25s/it]                                                                                                                        [ 333/4519]    bce_loss 0.0528 (0.0692)    ce_loss 0.1656 (0.2181)    gd_loss 0.0509 (0.0472)    tv_loss 0.0319 (0.0306)    lr 7.32e-06    step_time_s 16.4    data_time_ms 0.8    tokens_k 3.56    positive_ratio 0.14 (0.30)
Training on Epoch: 1:  47%|███████████████████████████▉                               | 107/226 [30:00<32:14, 16.25s/it]Training on Epoch: 1:  48%|████████████████████████████▏                              | 108/226 [30:00<32:03, 16.30s/it]Training on Epoch: 1:  48%|████████████████████████████▍                              | 109/226 [30:16<31:41, 16.25s/it]                                                                                                                        [ 335/4519]    bce_loss 0.0486 (0.0671)    ce_loss 0.1731 (0.1869)    gd_loss 0.0553 (0.0492)    tv_loss 0.0344 (0.0317)    lr 7.32e-06    step_time_s 16.1    data_time_ms 1.4    tokens_k 3.58    positive_ratio 0.10 (0.24)
Training on Epoch: 1:  48%|████████████████████████████▍                              | 109/226 [30:32<31:41, 16.25s/it]Training on Epoch: 1:  49%|████████████████████████████▋                              | 110/226 [30:32<31:21, 16.22s/it]Training on Epoch: 1:  49%|████████████████████████████▉                              | 111/226 [30:48<31:08, 16.25s/it]                                                                                                                        [ 337/4519]    bce_loss 0.0513 (0.0593)    ce_loss 0.2254 (0.2086)    gd_loss 0.0494 (0.0482)    tv_loss 0.0307 (0.0304)    lr 7.41e-06    step_time_s 16.4    data_time_ms 1.2    tokens_k 3.59    positive_ratio 0.15 (0.20)
Training on Epoch: 1:  49%|████████████████████████████▉                              | 111/226 [31:05<31:08, 16.25s/it]Training on Epoch: 1:  50%|█████████████████████████████▏                             | 112/226 [31:05<30:57, 16.30s/it]Training on Epoch: 1:  50%|█████████████████████████████▌                             | 113/226 [31:21<30:35, 16.25s/it]                                                                                                                        [ 339/4519]    bce_loss 0.0514 (0.0585)    ce_loss 0.1653 (0.2376)    gd_loss 0.0507 (0.0476)    tv_loss 0.0320 (0.0313)    lr 7.41e-06    step_time_s 16.1    data_time_ms 1.0    tokens_k 3.56    positive_ratio 0.14 (0.19)
Training on Epoch: 1:  50%|█████████████████████████████▌                             | 113/226 [31:37<30:35, 16.25s/it]Training on Epoch: 1:  50%|█████████████████████████████▊                             | 114/226 [31:37<30:15, 16.21s/it]Training on Epoch: 1:  51%|██████████████████████████████                             | 115/226 [31:53<29:56, 16.18s/it]                                                                                                                        [ 341/4519]    bce_loss 0.0885 (0.0651)    ce_loss 0.3437 (0.2549)    gd_loss 0.0432 (0.0483)    tv_loss 0.0278 (0.0304)    lr 7.50e-06    step_time_s 16.4    data_time_ms 2.5    tokens_k 3.55    positive_ratio 0.42 (0.25)
Training on Epoch: 1:  51%|██████████████████████████████                             | 115/226 [32:10<29:56, 16.18s/it]Training on Epoch: 1:  51%|██████████████████████████████▎                            | 116/226 [32:10<29:47, 16.25s/it]Training on Epoch: 1:  52%|██████████████████████████████▌                            | 117/226 [32:26<29:27, 16.22s/it]                                                                                                                        [ 343/4519]    bce_loss 0.0510 (0.0683)    ce_loss 0.2138 (0.2129)    gd_loss 0.0524 (0.0464)    tv_loss 0.0325 (0.0293)    lr 7.50e-06    step_time_s 16.1    data_time_ms 1.3    tokens_k 3.56    positive_ratio 0.13 (0.29)
Training on Epoch: 1:  52%|██████████████████████████████▌                            | 117/226 [32:42<29:27, 16.22s/it]Training on Epoch: 1:  52%|██████████████████████████████▊                            | 118/226 [32:42<29:08, 16.19s/it]Training on Epoch: 1:  53%|███████████████████████████████                            | 119/226 [32:58<28:50, 16.17s/it]                                                                                                                        [ 345/4519]    bce_loss 0.0519 (0.0597)    ce_loss 0.1863 (0.2225)    gd_loss 0.0525 (0.0493)    tv_loss 0.0331 (0.0318)    lr 7.59e-06    step_time_s 16.4    data_time_ms 1.0    tokens_k 3.55    positive_ratio 0.13 (0.20)
Training on Epoch: 1:  53%|███████████████████████████████                            | 119/226 [33:14<28:50, 16.17s/it]Training on Epoch: 1:  53%|███████████████████████████████▎                           | 120/226 [33:14<28:41, 16.24s/it]Training on Epoch: 1:  54%|███████████████████████████████▌                           | 121/226 [33:31<28:23, 16.22s/it]                                                                                                                        [ 347/4519]    bce_loss 0.0731 (0.0642)    ce_loss 0.1409 (0.2012)    gd_loss 0.0433 (0.0478)    tv_loss 0.0262 (0.0305)    lr 7.59e-06    step_time_s 16.4    data_time_ms 2.2    tokens_k 3.55    positive_ratio 0.39 (0.26)
Training on Epoch: 1:  54%|███████████████████████████████▌                           | 121/226 [33:47<28:23, 16.22s/it]Training on Epoch: 1:  54%|███████████████████████████████▊                           | 122/226 [33:47<28:11, 16.26s/it]Training on Epoch: 1:  54%|████████████████████████████████                           | 123/226 [34:03<27:51, 16.23s/it]                                                                                                                        [ 349/4519]    bce_loss 0.0490 (0.0528)    ce_loss 0.2226 (0.2269)    gd_loss 0.0554 (0.0522)    tv_loss 0.0348 (0.0342)    lr 7.68e-06    step_time_s 16.4    data_time_ms 1.5    tokens_k 3.52    positive_ratio 0.10 (0.13)
Training on Epoch: 1:  54%|████████████████████████████████                           | 123/226 [34:20<27:51, 16.23s/it]Training on Epoch: 1:  55%|████████████████████████████████▎                          | 124/226 [34:20<27:41, 16.28s/it]Training on Epoch: 1:  55%|████████████████████████████████▋                          | 125/226 [34:36<27:19, 16.24s/it]                                                                                                                        [ 351/4519]    bce_loss 0.0731 (0.0716)    ce_loss 0.2753 (0.2135)    gd_loss 0.0412 (0.0474)    tv_loss 0.0270 (0.0304)    lr 7.68e-06    step_time_s 16.1    data_time_ms 1.2    tokens_k 3.54    positive_ratio 0.31 (0.29)
Training on Epoch: 1:  55%|████████████████████████████████▋                          | 125/226 [34:52<27:19, 16.24s/it]Training on Epoch: 1:  56%|████████████████████████████████▉                          | 126/226 [34:52<27:00, 16.20s/it]Training on Epoch: 1:  56%|█████████████████████████████████▏                         | 127/226 [35:08<26:41, 16.17s/it]                                                                                                                        [ 353/4519]    bce_loss 0.0665 (0.0674)    ce_loss 0.2751 (0.2514)    gd_loss 0.0416 (0.0439)    tv_loss 0.0302 (0.0301)    lr 7.77e-06    step_time_s 16.5    data_time_ms 1.0    tokens_k 3.58    positive_ratio 0.28 (0.27)
Training on Epoch: 1:  56%|█████████████████████████████████▏                         | 127/226 [35:24<26:41, 16.17s/it]Training on Epoch: 1:  57%|█████████████████████████████████▍                         | 128/226 [35:24<26:33, 16.26s/it]Training on Epoch: 1:  57%|█████████████████████████████████▋                         | 129/226 [35:40<26:13, 16.22s/it]                                                                                                                        [ 355/4519]    bce_loss 0.0516 (0.0634)    ce_loss 0.2344 (0.2333)    gd_loss 0.0485 (0.0459)    tv_loss 0.0313 (0.0296)    lr 7.77e-06    step_time_s 16.1    data_time_ms 2.0    tokens_k 3.54    positive_ratio 0.17 (0.25)
Training on Epoch: 1:  57%|█████████████████████████████████▋                         | 129/226 [35:57<26:13, 16.22s/it]Training on Epoch: 1:  58%|█████████████████████████████████▉                         | 130/226 [35:57<25:54, 16.20s/it]Training on Epoch: 1:  58%|██████████████████████████████████▏                        | 131/226 [36:13<25:36, 16.17s/it]                                                                                                                        [ 357/4519]    bce_loss 0.0776 (0.0568)    ce_loss 0.1833 (0.2029)    gd_loss 0.0460 (0.0501)    tv_loss 0.0308 (0.0316)    lr 7.86e-06    step_time_s 16.4    data_time_ms 1.9    tokens_k 3.55    positive_ratio 0.34 (0.19)
Training on Epoch: 1:  58%|██████████████████████████████████▏                        | 131/226 [36:29<25:36, 16.17s/it]Training on Epoch: 1:  58%|██████████████████████████████████▍                        | 132/226 [36:29<25:27, 16.25s/it]Training on Epoch: 1:  59%|██████████████████████████████████▋                        | 133/226 [36:45<25:06, 16.20s/it]                                                                                                                        [ 359/4519]    bce_loss 0.0465 (0.0493)    ce_loss 0.1935 (0.1682)    gd_loss 0.0559 (0.0529)    tv_loss 0.0327 (0.0319)    lr 7.86e-06    step_time_s 16.1    data_time_ms 1.2    tokens_k 3.52    positive_ratio 0.10 (0.13)
Training on Epoch: 1:  59%|██████████████████████████████████▋                        | 133/226 [37:01<25:06, 16.20s/it]Training on Epoch: 1:  59%|██████████████████████████████████▉                        | 134/226 [37:01<24:48, 16.18s/it]Training on Epoch: 1:  60%|███████████████████████████████████▏                       | 135/226 [37:18<24:30, 16.16s/it]                                                                                                                        [ 361/4519]    bce_loss 0.0498 (0.0563)    ce_loss 0.1569 (0.1916)    gd_loss 0.0521 (0.0499)    tv_loss 0.0323 (0.0313)    lr 7.95e-06    step_time_s 16.4    data_time_ms 0.8    tokens_k 3.55    positive_ratio 0.13 (0.18)
Training on Epoch: 1:  60%|███████████████████████████████████▏                       | 135/226 [37:34<24:30, 16.16s/it]Training on Epoch: 1:  60%|███████████████████████████████████▌                       | 136/226 [37:34<24:19, 16.22s/it]Training on Epoch: 1:  61%|███████████████████████████████████▊                       | 137/226 [37:50<24:01, 16.20s/it]                                                                                                                        [ 363/4519]    bce_loss 0.0878 (0.0619)    ce_loss 0.2646 (0.2237)    gd_loss 0.0454 (0.0491)    tv_loss 0.0297 (0.0319)    lr 7.95e-06    step_time_s 16.1    data_time_ms 0.6    tokens_k 3.57    positive_ratio 0.38 (0.21)
Training on Epoch: 1:  61%|███████████████████████████████████▊                       | 137/226 [38:06<24:01, 16.20s/it]Training on Epoch: 1:  61%|████████████████████████████████████                       | 138/226 [38:06<23:42, 16.17s/it]Training on Epoch: 1:  62%|████████████████████████████████████▎                      | 139/226 [38:22<23:25, 16.16s/it]                                                                                                                        [ 365/4519]    bce_loss 0.0486 (0.0681)    ce_loss 0.1856 (0.2251)    gd_loss 0.0509 (0.0452)    tv_loss 0.0309 (0.0297)    lr 8.04e-06    step_time_s 16.4    data_time_ms 1.1    tokens_k 3.55    positive_ratio 0.14 (0.29)
Training on Epoch: 1:  62%|████████████████████████████████████▎                      | 139/226 [38:39<23:25, 16.16s/it]Training on Epoch: 1:  62%|████████████████████████████████████▌                      | 140/226 [38:39<23:16, 16.24s/it]Training on Epoch: 1:  62%|████████████████████████████████████▊                      | 141/226 [38:55<22:56, 16.20s/it]                                                                                                                        [ 367/4519]    bce_loss 0.0879 (0.0766)    ce_loss 0.2011 (0.2151)    gd_loss 0.0421 (0.0456)    tv_loss 0.0312 (0.0296)    lr 8.04e-06    step_time_s 16.1    data_time_ms 1.2    tokens_k 3.55    positive_ratio 0.44 (0.32)
Training on Epoch: 1:  62%|████████████████████████████████████▊                      | 141/226 [39:11<22:56, 16.20s/it]Training on Epoch: 1:  63%|█████████████████████████████████████                      | 142/226 [39:11<22:38, 16.18s/it]Training on Epoch: 1:  63%|█████████████████████████████████████▎                     | 143/226 [39:27<22:28, 16.24s/it]                                                                                                                        [ 369/4519]    bce_loss 0.0503 (0.0580)    ce_loss 0.2522 (0.2488)    gd_loss 0.0505 (0.0494)    tv_loss 0.0315 (0.0309)    lr 8.13e-06    step_time_s 16.4    data_time_ms 1.1    tokens_k 3.54    positive_ratio 0.15 (0.21)
Training on Epoch: 1:  63%|█████████████████████████████████████▎                     | 143/226 [39:44<22:28, 16.24s/it]Training on Epoch: 1:  64%|█████████████████████████████████████▌                     | 144/226 [39:44<22:15, 16.28s/it]Training on Epoch: 1:  64%|█████████████████████████████████████▊                     | 145/226 [40:00<21:54, 16.22s/it]                                                                                                                        [ 371/4519]    bce_loss 0.0507 (0.0484)    ce_loss 0.2202 (0.2121)    gd_loss 0.0501 (0.0526)    tv_loss 0.0304 (0.0327)    lr 8.13e-06    step_time_s 16.1    data_time_ms 1.3    tokens_k 3.56    positive_ratio 0.15 (0.12)
Training on Epoch: 1:  64%|█████████████████████████████████████▊                     | 145/226 [40:16<21:54, 16.22s/it]Training on Epoch: 1:  65%|██████████████████████████████████████                     | 146/226 [40:16<21:35, 16.20s/it]Training on Epoch: 1:  65%|██████████████████████████████████████▍                    | 147/226 [40:32<21:23, 16.24s/it]                                                                                                                        [ 373/4519]    bce_loss 0.0815 (0.0738)    ce_loss 0.2499 (0.2347)    gd_loss 0.0463 (0.0452)    tv_loss 0.0301 (0.0290)    lr 8.21e-06    step_time_s 16.4    data_time_ms 0.8    tokens_k 3.55    positive_ratio 0.40 (0.35)
Training on Epoch: 1:  65%|██████████████████████████████████████▍                    | 147/226 [40:49<21:23, 16.24s/it]Training on Epoch: 1:  65%|██████████████████████████████████████▋                    | 148/226 [40:49<21:11, 16.30s/it]Training on Epoch: 1:  66%|██████████████████████████████████████▉                    | 149/226 [41:05<20:51, 16.25s/it]                                                                                                                        [ 375/4519]    bce_loss 0.0535 (0.0652)    ce_loss 0.1522 (0.1948)    gd_loss 0.0519 (0.0494)    tv_loss 0.0332 (0.0315)    lr 8.21e-06    step_time_s 16.1    data_time_ms 1.1    tokens_k 3.57    positive_ratio 0.14 (0.24)
Training on Epoch: 1:  66%|██████████████████████████████████████▉                    | 149/226 [41:21<20:51, 16.25s/it]Training on Epoch: 1:  66%|███████████████████████████████████████▏                   | 150/226 [41:21<20:32, 16.22s/it]Training on Epoch: 1:  67%|███████████████████████████████████████▍                   | 151/226 [41:37<20:14, 16.19s/it]                                                                                                                        [ 377/4519]    bce_loss 0.0529 (0.0518)    ce_loss 0.1772 (0.1907)    gd_loss 0.0502 (0.0506)    tv_loss 0.0326 (0.0324)    lr 8.30e-06    step_time_s 16.4    data_time_ms 0.9    tokens_k 3.56    positive_ratio 0.15 (0.15)
Training on Epoch: 1:  67%|███████████████████████████████████████▍                   | 151/226 [41:53<20:14, 16.19s/it]Training on Epoch: 1:  67%|███████████████████████████████████████▋                   | 152/226 [41:53<20:02, 16.25s/it]Training on Epoch: 1:  68%|███████████████████████████████████████▉                   | 153/226 [42:10<19:49, 16.30s/it]                                                                                                                        [ 379/4519]    bce_loss 0.0711 (0.0625)    ce_loss 0.1815 (0.1902)    gd_loss 0.0453 (0.0474)    tv_loss 0.0281 (0.0296)    lr 8.30e-06    step_time_s 16.3    data_time_ms 0.9    tokens_k 3.57    positive_ratio 0.31 (0.24)
Training on Epoch: 1:  68%|███████████████████████████████████████▉                   | 153/226 [42:26<19:49, 16.30s/it]Training on Epoch: 1:  68%|████████████████████████████████████████▏                  | 154/226 [42:26<19:33, 16.30s/it]Training on Epoch: 1:  69%|████████████████████████████████████████▍                  | 155/226 [42:42<19:13, 16.25s/it]                                                                                                                        [ 381/4519]    bce_loss 0.0824 (0.0688)    ce_loss 0.1695 (0.1747)    gd_loss 0.0469 (0.0478)    tv_loss 0.0327 (0.0299)    lr 8.39e-06    step_time_s 16.4    data_time_ms 0.7    tokens_k 3.57    positive_ratio 0.40 (0.30)
Training on Epoch: 1:  69%|████████████████████████████████████████▍                  | 155/226 [42:59<19:13, 16.25s/it]Training on Epoch: 1:  69%|████████████████████████████████████████▋                  | 156/226 [42:59<19:01, 16.30s/it]Training on Epoch: 1:  69%|████████████████████████████████████████▉                  | 157/226 [43:15<18:41, 16.25s/it]                                                                                                                        [ 383/4519]    bce_loss 0.0741 (0.0763)    ce_loss 0.1442 (0.2084)    gd_loss 0.0458 (0.0444)    tv_loss 0.0293 (0.0290)    lr 8.39e-06    step_time_s 16.1    data_time_ms 0.7    tokens_k 3.57    positive_ratio 0.32 (0.36)
Training on Epoch: 1:  69%|████████████████████████████████████████▉                  | 157/226 [43:31<18:41, 16.25s/it]Training on Epoch: 1:  70%|█████████████████████████████████████████▏                 | 158/226 [43:31<18:22, 16.21s/it]Training on Epoch: 1:  70%|█████████████████████████████████████████▌                 | 159/226 [43:47<18:03, 16.17s/it]                                                                                                                        [ 385/4519]    bce_loss 0.0524 (0.0522)    ce_loss 0.2350 (0.2198)    gd_loss 0.0527 (0.0506)    tv_loss 0.0343 (0.0319)    lr 8.48e-06    step_time_s 16.4    data_time_ms 0.6    tokens_k 3.56    positive_ratio 0.14 (0.15)
Training on Epoch: 1:  70%|█████████████████████████████████████████▌                 | 159/226 [44:03<18:03, 16.17s/it]Training on Epoch: 1:  71%|█████████████████████████████████████████▊                 | 160/226 [44:03<17:51, 16.24s/it]Training on Epoch: 1:  71%|██████████████████████████████████████████                 | 161/226 [44:20<17:33, 16.20s/it]                                                                                                                        [ 387/4519]    bce_loss 0.0732 (0.0697)    ce_loss 0.3491 (0.2140)    gd_loss 0.0476 (0.0463)    tv_loss 0.0310 (0.0298)    lr 8.48e-06    step_time_s 16.1    data_time_ms 0.6    tokens_k 3.57    positive_ratio 0.35 (0.30)
Training on Epoch: 1:  71%|██████████████████████████████████████████                 | 161/226 [44:36<17:33, 16.20s/it]Training on Epoch: 1:  72%|██████████████████████████████████████████▎                | 162/226 [44:36<17:15, 16.18s/it]Training on Epoch: 1:  72%|██████████████████████████████████████████▌                | 163/226 [44:52<16:58, 16.16s/it]                                                                                                                        [ 389/4519]    bce_loss 0.0733 (0.0608)    ce_loss 0.2364 (0.2114)    gd_loss 0.0416 (0.0466)    tv_loss 0.0257 (0.0298)    lr 8.57e-06    step_time_s 16.4    data_time_ms 0.6    tokens_k 3.56    positive_ratio 0.30 (0.23)
Training on Epoch: 1:  72%|██████████████████████████████████████████▌                | 163/226 [45:08<16:58, 16.16s/it]Training on Epoch: 1:  73%|██████████████████████████████████████████▊                | 164/226 [45:08<16:46, 16.24s/it]Training on Epoch: 1:  73%|███████████████████████████████████████████                | 165/226 [45:24<16:27, 16.20s/it]                                                                                                                        [ 391/4519]    bce_loss 0.0477 (0.0499)    ce_loss 0.2066 (0.1863)    gd_loss 0.0531 (0.0517)    tv_loss 0.0325 (0.0321)    lr 8.57e-06    step_time_s 16.1    data_time_ms 1.1    tokens_k 3.55    positive_ratio 0.12 (0.13)
Training on Epoch: 1:  73%|███████████████████████████████████████████                | 165/226 [45:40<16:27, 16.20s/it]Training on Epoch: 1:  73%|███████████████████████████████████████████▎               | 166/226 [45:40<16:10, 16.18s/it]Training on Epoch: 1:  74%|███████████████████████████████████████████▌               | 167/226 [45:57<15:53, 16.16s/it]                                                                                                                        [ 393/4519]    bce_loss 0.0644 (0.0594)    ce_loss 0.2278 (0.1902)    gd_loss 0.0450 (0.0480)    tv_loss 0.0270 (0.0300)    lr 8.66e-06    step_time_s 16.4    data_time_ms 0.5    tokens_k 3.55    positive_ratio 0.26 (0.22)
Training on Epoch: 1:  74%|███████████████████████████████████████████▌               | 167/226 [46:13<15:53, 16.16s/it]Training on Epoch: 1:  74%|███████████████████████████████████████████▊               | 168/226 [46:13<15:40, 16.22s/it]Training on Epoch: 1:  75%|████████████████████████████████████████████               | 169/226 [46:29<15:22, 16.19s/it]                                                                                                                        [ 395/4519]    bce_loss 0.0503 (0.0582)    ce_loss 0.2102 (0.1928)    gd_loss 0.0504 (0.0494)    tv_loss 0.0313 (0.0310)    lr 8.66e-06    step_time_s 16.2    data_time_ms 0.8    tokens_k 3.55    positive_ratio 0.14 (0.19)
Training on Epoch: 1:  75%|████████████████████████████████████████████               | 169/226 [46:45<15:22, 16.19s/it]Training on Epoch: 1:  75%|████████████████████████████████████████████▍              | 170/226 [46:45<15:06, 16.19s/it]Training on Epoch: 1:  76%|████████████████████████████████████████████▋              | 171/226 [47:01<14:49, 16.16s/it]                                                                                                                        [ 397/4519]    bce_loss 0.0499 (0.0565)    ce_loss 0.2049 (0.1834)    gd_loss 0.0529 (0.0503)    tv_loss 0.0309 (0.0306)    lr 8.75e-06    step_time_s 16.4    data_time_ms 0.7    tokens_k 3.56    positive_ratio 0.11 (0.19)
Training on Epoch: 1:  76%|████████████████████████████████████████████▋              | 171/226 [47:18<14:49, 16.16s/it]Training on Epoch: 1:  76%|████████████████████████████████████████████▉              | 172/226 [47:18<14:36, 16.23s/it]Training on Epoch: 1:  77%|█████████████████████████████████████████████▏             | 173/226 [47:34<14:18, 16.19s/it]                                                                                                                        [ 399/4519]    bce_loss 0.0797 (0.0570)    ce_loss 0.2586 (0.1978)    gd_loss 0.0445 (0.0495)    tv_loss 0.0300 (0.0317)    lr 8.75e-06    step_time_s 16.2    data_time_ms 1.4    tokens_k 3.55    positive_ratio 0.38 (0.20)
Training on Epoch: 1:  77%|█████████████████████████████████████████████▏             | 173/226 [47:50<14:18, 16.19s/it]Training on Epoch: 1:  77%|█████████████████████████████████████████████▍             | 174/226 [47:50<14:01, 16.18s/it]Training on Epoch: 1:  77%|█████████████████████████████████████████████▋             | 175/226 [48:06<13:44, 16.17s/it]                                                                                                                        [ 401/4519]    bce_loss 0.0766 (0.0638)    ce_loss 0.1981 (0.1920)    gd_loss 0.0448 (0.0475)    tv_loss 0.0286 (0.0293)    lr 8.84e-06    step_time_s 16.4    data_time_ms 0.9    tokens_k 3.58    positive_ratio 0.30 (0.24)
Training on Epoch: 1:  77%|█████████████████████████████████████████████▋             | 175/226 [48:23<13:44, 16.17s/it]Training on Epoch: 1:  78%|█████████████████████████████████████████████▉             | 176/226 [48:23<13:31, 16.24s/it]Training on Epoch: 1:  78%|██████████████████████████████████████████████▏            | 177/226 [48:39<13:21, 16.35s/it]                                                                                                                        [ 403/4519]    bce_loss 0.0503 (0.0656)    ce_loss 0.1885 (0.1831)    gd_loss 0.0509 (0.0481)    tv_loss 0.0318 (0.0310)    lr 8.84e-06    step_time_s 16.1    data_time_ms 1.5    tokens_k 3.56    positive_ratio 0.14 (0.27)
Training on Epoch: 1:  78%|██████████████████████████████████████████████▏            | 177/226 [48:55<13:21, 16.35s/it]Training on Epoch: 1:  79%|██████████████████████████████████████████████▍            | 178/226 [48:55<13:01, 16.29s/it]Training on Epoch: 1:  79%|██████████████████████████████████████████████▋            | 179/226 [49:11<12:43, 16.24s/it]                                                                                                                        [ 405/4519]    bce_loss 0.0707 (0.0759)    ce_loss 0.2425 (0.2137)    gd_loss 0.0450 (0.0444)    tv_loss 0.0287 (0.0291)    lr 8.93e-06    step_time_s 16.4    data_time_ms 1.0    tokens_k 3.57    positive_ratio 0.34 (0.33)
Training on Epoch: 1:  79%|██████████████████████████████████████████████▋            | 179/226 [49:28<12:43, 16.24s/it]Training on Epoch: 1:  80%|██████████████████████████████████████████████▉            | 180/226 [49:28<12:29, 16.30s/it]Training on Epoch: 1:  80%|███████████████████████████████████████████████▎           | 181/226 [49:44<12:11, 16.25s/it]                                                                                                                        [ 407/4519]    bce_loss 0.0561 (0.0544)    ce_loss 0.2252 (0.2230)    gd_loss 0.0505 (0.0512)    tv_loss 0.0328 (0.0331)    lr 8.93e-06    step_time_s 16.1    data_time_ms 1.9    tokens_k 3.53    positive_ratio 0.15 (0.14)
Training on Epoch: 1:  80%|███████████████████████████████████████████████▎           | 181/226 [50:00<12:11, 16.25s/it]Training on Epoch: 1:  81%|███████████████████████████████████████████████▌           | 182/226 [50:00<11:53, 16.21s/it]Training on Epoch: 1:  81%|███████████████████████████████████████████████▊           | 183/226 [50:16<11:38, 16.25s/it]                                                                                                                        [ 409/4519]    bce_loss 0.0521 (0.0572)    ce_loss 0.1657 (0.1755)    gd_loss 0.0487 (0.0484)    tv_loss 0.0312 (0.0310)    lr 9.02e-06    step_time_s 16.4    data_time_ms 1.9    tokens_k 3.56    positive_ratio 0.17 (0.21)
Training on Epoch: 1:  81%|███████████████████████████████████████████████▊           | 183/226 [50:33<11:38, 16.25s/it]Training on Epoch: 1:  81%|████████████████████████████████████████████████           | 184/226 [50:33<11:24, 16.29s/it]Training on Epoch: 1:  82%|████████████████████████████████████████████████▎          | 185/226 [50:49<11:06, 16.25s/it]                                                                                                                        [ 411/4519]    bce_loss 0.0697 (0.0607)    ce_loss 0.2576 (0.2272)    gd_loss 0.0439 (0.0487)    tv_loss 0.0283 (0.0305)    lr 9.02e-06    step_time_s 16.1    data_time_ms 1.5    tokens_k 3.56    positive_ratio 0.35 (0.24)
Training on Epoch: 1:  82%|████████████████████████████████████████████████▎          | 185/226 [51:05<11:06, 16.25s/it]Training on Epoch: 1:  82%|████████████████████████████████████████████████▌          | 186/226 [51:05<10:48, 16.22s/it]Training on Epoch: 1:  83%|████████████████████████████████████████████████▊          | 187/226 [51:21<10:31, 16.19s/it]                                                                                                                        [ 413/4519]    bce_loss 0.0660 (0.0598)    ce_loss 0.2520 (0.2241)    gd_loss 0.0434 (0.0471)    tv_loss 0.0272 (0.0298)    lr 9.11e-06    step_time_s 16.4    data_time_ms 1.5    tokens_k 3.56    positive_ratio 0.31 (0.23)
Training on Epoch: 1:  83%|████████████████████████████████████████████████▊          | 187/226 [51:38<10:31, 16.19s/it]Training on Epoch: 1:  83%|█████████████████████████████████████████████████          | 188/226 [51:38<10:18, 16.27s/it]Training on Epoch: 1:  84%|█████████████████████████████████████████████████▎         | 189/226 [51:54<10:00, 16.24s/it]                                                                                                                        [ 415/4519]    bce_loss 0.0803 (0.0685)    ce_loss 0.2062 (0.2116)    gd_loss 0.0430 (0.0462)    tv_loss 0.0295 (0.0300)    lr 9.11e-06    step_time_s 16.1    data_time_ms 2.2    tokens_k 3.56    positive_ratio 0.38 (0.29)
Training on Epoch: 1:  84%|█████████████████████████████████████████████████▎         | 189/226 [52:10<10:00, 16.24s/it]Training on Epoch: 1:  84%|█████████████████████████████████████████████████▌         | 190/226 [52:10<09:43, 16.20s/it]Training on Epoch: 1:  85%|█████████████████████████████████████████████████▊         | 191/226 [52:26<09:26, 16.17s/it]                                                                                                                        [ 417/4519]    bce_loss 0.0480 (0.0678)    ce_loss 0.1796 (0.1724)    gd_loss 0.0501 (0.0456)    tv_loss 0.0319 (0.0294)    lr 9.20e-06    step_time_s 16.4    data_time_ms 1.1    tokens_k 3.55    positive_ratio 0.14 (0.31)
Training on Epoch: 1:  85%|█████████████████████████████████████████████████▊         | 191/226 [52:43<09:26, 16.17s/it]Training on Epoch: 1:  85%|██████████████████████████████████████████████████         | 192/226 [52:43<09:12, 16.25s/it]Training on Epoch: 1:  85%|██████████████████████████████████████████████████▍        | 193/226 [52:59<08:54, 16.21s/it]                                                                                                                        [ 419/4519]    bce_loss 0.0544 (0.0695)    ce_loss 0.1881 (0.2190)    gd_loss 0.0496 (0.0458)    tv_loss 0.0331 (0.0302)    lr 9.20e-06    step_time_s 16.1    data_time_ms 1.1    tokens_k 3.56    positive_ratio 0.15 (0.31)
Training on Epoch: 1:  85%|██████████████████████████████████████████████████▍        | 193/226 [53:15<08:54, 16.21s/it]Training on Epoch: 1:  86%|██████████████████████████████████████████████████▋        | 194/226 [53:15<08:38, 16.19s/it]Training on Epoch: 1:  86%|██████████████████████████████████████████████████▉        | 195/226 [53:31<08:21, 16.17s/it]                                                                                                                        [ 421/4519]    bce_loss 0.0531 (0.0591)    ce_loss 0.1358 (0.2166)    gd_loss 0.0522 (0.0478)    tv_loss 0.0337 (0.0314)    lr 9.29e-06    step_time_s 16.4    data_time_ms 0.6    tokens_k 3.58    positive_ratio 0.13 (0.22)
Training on Epoch: 1:  86%|██████████████████████████████████████████████████▉        | 195/226 [53:47<08:21, 16.17s/it]Training on Epoch: 1:  87%|███████████████████████████████████████████████████▏       | 196/226 [53:47<08:07, 16.24s/it]Training on Epoch: 1:  87%|███████████████████████████████████████████████████▍       | 197/226 [54:03<07:50, 16.21s/it]                                                                                                                        [ 423/4519]    bce_loss 0.0814 (0.0646)    ce_loss 0.2440 (0.2141)    gd_loss 0.0463 (0.0474)    tv_loss 0.0290 (0.0304)    lr 9.29e-06    step_time_s 16.2    data_time_ms 0.7    tokens_k 3.55    positive_ratio 0.41 (0.27)
Training on Epoch: 1:  87%|███████████████████████████████████████████████████▍       | 197/226 [54:20<07:50, 16.21s/it]Training on Epoch: 1:  88%|███████████████████████████████████████████████████▋       | 198/226 [54:20<07:33, 16.20s/it]Training on Epoch: 1:  88%|███████████████████████████████████████████████████▉       | 199/226 [54:36<07:16, 16.18s/it]                                                                                                                        [ 425/4519]    bce_loss 0.0598 (0.0633)    ce_loss 0.2277 (0.1951)    gd_loss 0.0447 (0.0476)    tv_loss 0.0295 (0.0309)    lr 9.38e-06    step_time_s 16.3    data_time_ms 0.6    tokens_k 3.54    positive_ratio 0.23 (0.25)
Training on Epoch: 1:  88%|███████████████████████████████████████████████████▉       | 199/226 [54:52<07:16, 16.18s/it]Training on Epoch: 1:  88%|████████████████████████████████████████████████████▏      | 200/226 [54:52<07:02, 16.23s/it]Training on Epoch: 1:  89%|████████████████████████████████████████████████████▍      | 201/226 [55:08<06:45, 16.20s/it]                                                                                                                        [ 427/4519]    bce_loss 0.0507 (0.0556)    ce_loss 0.2047 (0.1879)    gd_loss 0.0514 (0.0492)    tv_loss 0.0321 (0.0310)    lr 9.38e-06    step_time_s 16.1    data_time_ms 0.7    tokens_k 3.56    positive_ratio 0.14 (0.19)
Training on Epoch: 1:  89%|████████████████████████████████████████████████████▍      | 201/226 [55:24<06:45, 16.20s/it]Training on Epoch: 1:  89%|████████████████████████████████████████████████████▋      | 202/226 [55:24<06:28, 16.18s/it]Training on Epoch: 1:  90%|████████████████████████████████████████████████████▉      | 203/226 [55:41<06:11, 16.17s/it]                                                                                                                        [ 429/4519]    bce_loss 0.0520 (0.0574)    ce_loss 0.1856 (0.2062)    gd_loss 0.0508 (0.0492)    tv_loss 0.0329 (0.0317)    lr 9.46e-06    step_time_s 16.4    data_time_ms 0.6    tokens_k 3.57    positive_ratio 0.15 (0.19)
Training on Epoch: 1:  90%|████████████████████████████████████████████████████▉      | 203/226 [55:57<06:11, 16.17s/it]Training on Epoch: 1:  90%|█████████████████████████████████████████████████████▎     | 204/226 [55:57<05:57, 16.24s/it]Training on Epoch: 1:  91%|█████████████████████████████████████████████████████▌     | 205/226 [56:13<05:40, 16.21s/it]                                                                                                                        [ 431/4519]    bce_loss 0.0517 (0.0538)    ce_loss 0.2170 (0.2119)    gd_loss 0.0502 (0.0494)    tv_loss 0.0322 (0.0323)    lr 9.46e-06    step_time_s 16.1    data_time_ms 0.7    tokens_k 3.58    positive_ratio 0.14 (0.16)
Training on Epoch: 1:  91%|█████████████████████████████████████████████████████▌     | 205/226 [56:29<05:40, 16.21s/it]Training on Epoch: 1:  91%|█████████████████████████████████████████████████████▊     | 206/226 [56:29<05:23, 16.19s/it]Training on Epoch: 1:  92%|██████████████████████████████████████████████████████     | 207/226 [56:45<05:07, 16.17s/it]                                                                                                                        [ 433/4519]    bce_loss 0.0704 (0.0723)    ce_loss 0.1980 (0.2280)    gd_loss 0.0444 (0.0449)    tv_loss 0.0293 (0.0296)    lr 9.55e-06    step_time_s 16.4    data_time_ms 0.6    tokens_k 3.54    positive_ratio 0.33 (0.35)
Training on Epoch: 1:  92%|██████████████████████████████████████████████████████     | 207/226 [57:02<05:07, 16.17s/it]Training on Epoch: 1:  92%|██████████████████████████████████████████████████████▎    | 208/226 [57:02<04:52, 16.24s/it]Training on Epoch: 1:  92%|██████████████████████████████████████████████████████▌    | 209/226 [57:18<04:35, 16.20s/it]                                                                                                                        [ 435/4519]    bce_loss 0.0510 (0.0570)    ce_loss 0.1490 (0.1866)    gd_loss 0.0520 (0.0493)    tv_loss 0.0324 (0.0309)    lr 9.55e-06    step_time_s 16.1    data_time_ms 0.6    tokens_k 3.56    positive_ratio 0.13 (0.18)
Training on Epoch: 1:  92%|██████████████████████████████████████████████████████▌    | 209/226 [57:34<04:35, 16.20s/it]Training on Epoch: 1:  93%|██████████████████████████████████████████████████████▊    | 210/226 [57:34<04:18, 16.17s/it]Training on Epoch: 1:  93%|███████████████████████████████████████████████████████    | 211/226 [57:50<04:02, 16.16s/it]                                                                                                                        [ 437/4519]    bce_loss 0.0487 (0.0624)    ce_loss 0.1612 (0.1792)    gd_loss 0.0538 (0.0483)    tv_loss 0.0354 (0.0315)    lr 9.64e-06    step_time_s 16.5    data_time_ms 0.6    tokens_k 3.56    positive_ratio 0.11 (0.24)
Training on Epoch: 1:  93%|███████████████████████████████████████████████████████    | 211/226 [58:07<04:02, 16.16s/it]Training on Epoch: 1:  94%|███████████████████████████████████████████████████████▎   | 212/226 [58:07<03:47, 16.25s/it]Training on Epoch: 1:  94%|███████████████████████████████████████████████████████▌   | 213/226 [58:23<03:31, 16.28s/it]                                                                                                                        [ 439/4519]    bce_loss 0.0534 (0.0538)    ce_loss 0.2428 (0.2377)    gd_loss 0.0498 (0.0495)    tv_loss 0.0326 (0.0316)    lr 9.64e-06    step_time_s 16.1    data_time_ms 0.7    tokens_k 3.55    positive_ratio 0.16 (0.16)
Training on Epoch: 1:  94%|███████████████████████████████████████████████████████▌   | 213/226 [58:39<03:31, 16.28s/it]Training on Epoch: 1:  95%|███████████████████████████████████████████████████████▊   | 214/226 [58:39<03:14, 16.23s/it]Training on Epoch: 1:  95%|████████████████████████████████████████████████████████▏  | 215/226 [58:55<02:58, 16.21s/it]                                                                                                                        [ 441/4519]    bce_loss 0.0713 (0.0626)    ce_loss 0.1607 (0.1663)    gd_loss 0.0459 (0.0481)    tv_loss 0.0297 (0.0314)    lr 9.73e-06    step_time_s 16.4    data_time_ms 0.6    tokens_k 3.56    positive_ratio 0.32 (0.25)
Training on Epoch: 1:  95%|████████████████████████████████████████████████████████▏  | 215/226 [59:12<02:58, 16.21s/it]Training on Epoch: 1:  96%|████████████████████████████████████████████████████████▍  | 216/226 [59:12<02:42, 16.27s/it]Training on Epoch: 1:  96%|████████████████████████████████████████████████████████▋  | 217/226 [59:28<02:26, 16.23s/it]                                                                                                                        [ 443/4519]    bce_loss 0.0714 (0.0614)    ce_loss 0.1515 (0.1989)    gd_loss 0.0421 (0.0466)    tv_loss 0.0275 (0.0300)    lr 9.73e-06    step_time_s 16.3    data_time_ms 0.7    tokens_k 3.56    positive_ratio 0.35 (0.25)
Training on Epoch: 1:  96%|████████████████████████████████████████████████████████▋  | 217/226 [59:44<02:26, 16.23s/it]Training on Epoch: 1:  96%|████████████████████████████████████████████████████████▉  | 218/226 [59:44<02:10, 16.26s/it]Training on Epoch: 1:  97%|███████████████████████████████████████████████████████▏ | 219/226 [1:00:00<01:53, 16.22s/it]                                                                                                                        [ 445/4519]    bce_loss 0.0534 (0.0609)    ce_loss 0.1642 (0.1751)    gd_loss 0.0512 (0.0475)    tv_loss 0.0337 (0.0315)    lr 9.82e-06    step_time_s 16.6    data_time_ms 0.8    tokens_k 3.53    positive_ratio 0.14 (0.24)
Training on Epoch: 1:  97%|███████████████████████████████████████████████████████▏ | 219/226 [1:00:17<01:53, 16.22s/it]Training on Epoch: 1:  97%|███████████████████████████████████████████████████████▍ | 220/226 [1:00:17<01:38, 16.35s/it]Training on Epoch: 1:  98%|███████████████████████████████████████████████████████▋ | 221/226 [1:00:33<01:21, 16.29s/it]                                                                                                                        [ 447/4519]    bce_loss 0.0535 (0.0650)    ce_loss 0.1382 (0.2068)    gd_loss 0.0503 (0.0447)    tv_loss 0.0327 (0.0287)    lr 9.82e-06    step_time_s 16.1    data_time_ms 0.6    tokens_k 3.55    positive_ratio 0.14 (0.29)
Training on Epoch: 1:  98%|███████████████████████████████████████████████████████▋ | 221/226 [1:00:49<01:21, 16.29s/it]Training on Epoch: 1:  98%|███████████████████████████████████████████████████████▉ | 222/226 [1:00:49<01:04, 16.24s/it]Training on Epoch: 1:  99%|████████████████████████████████████████████████████████▏| 223/226 [1:01:05<00:48, 16.20s/it]                                                                                                                        [ 449/4519]    bce_loss 0.0540 (0.0539)    ce_loss 0.1643 (0.1905)    gd_loss 0.0496 (0.0498)    tv_loss 0.0337 (0.0320)    lr 9.91e-06    step_time_s 16.4    data_time_ms 0.5    tokens_k 3.55    positive_ratio 0.16 (0.16)
Training on Epoch: 1:  99%|████████████████████████████████████████████████████████▏| 223/226 [1:01:22<00:48, 16.20s/it]Training on Epoch: 1:  99%|████████████████████████████████████████████████████████▍| 224/226 [1:01:22<00:32, 16.27s/it]Training on Epoch: 1: 100%|████████████████████████████████████████████████████████▋| 225/226 [1:01:38<00:16, 16.22s/it]                                                                                                                        [ 451/4519]    bce_loss 0.0537 (0.0559)    ce_loss 0.2046 (0.2171)    gd_loss 0.0492 (0.0481)    tv_loss 0.0327 (0.0308)    lr 9.91e-06    step_time_s 16.1    data_time_ms 0.7    tokens_k 3.56    positive_ratio 0.15 (0.19)
Training on Epoch: 1: 100%|████████████████████████████████████████████████████████▋| 225/226 [1:01:54<00:16, 16.22s/it]                                                                                                                        Averages:     bce_loss 0.056    ce_loss 0.217    gd_loss 0.048    tv_loss 0.031    lr 0.000    step_time_s 16.124    data_time_ms 0.411    tokens_k 3.557    positive_ratio 0.190
Training on Epoch: 1: 100%|████████████████████████████████████████████████████████▋| 225/226 [1:01:54<00:16, 16.22s/it]
[07/29 16:30:45] Start validation loop on epoch: 1 and global step: 112

Run validation:   0%|                                                                                      | 0/30 [00:00<?, ?it/s][A
Run validation:   3%|██▌                                                                           | 1/30 [00:08<04:00,  8.29s/it][A
Run validation:   7%|█████▏                                                                        | 2/30 [00:16<03:55,  8.41s/it][A
Run validation:  10%|███████▊                                                                      | 3/30 [00:24<03:41,  8.22s/it][A
Run validation:  13%|██████████▍                                                                   | 4/30 [00:32<03:31,  8.14s/it][A
Run validation:  17%|█████████████                                                                 | 5/30 [00:40<03:22,  8.09s/it][A
Run validation:  20%|███████████████▌                                                              | 6/30 [00:48<03:13,  8.05s/it][A
Run validation:  23%|██████████████████▏                                                           | 7/30 [00:56<03:04,  8.04s/it][A
Run validation:  27%|████████████████████▊                                                         | 8/30 [01:04<02:56,  8.03s/it][A
Run validation:  30%|███████████████████████▍                                                      | 9/30 [01:12<02:48,  8.02s/it][A
Run validation:  33%|█████████████████████████▋                                                   | 10/30 [01:20<02:40,  8.01s/it][A
Run validation:  37%|████████████████████████████▏                                                | 11/30 [01:28<02:32,  8.01s/it][A
Run validation:  40%|██████████████████████████████▊                                              | 12/30 [01:36<02:24,  8.01s/it][A
Run validation:  43%|█████████████████████████████████▎                                           | 13/30 [01:44<02:16,  8.00s/it][A
Run validation:  47%|███████████████████████████████████▉                                         | 14/30 [01:52<02:08,  8.00s/it][A
Run validation:  50%|██████████████████████████████████████▌                                      | 15/30 [02:00<02:00,  8.01s/it][A
Run validation:  53%|█████████████████████████████████████████                                    | 16/30 [02:08<01:52,  8.00s/it][A
Run validation:  57%|███████████████████████████████████████████▋                                 | 17/30 [02:16<01:43,  8.00s/it][A
Run validation:  60%|██████████████████████████████████████████████▏                              | 18/30 [02:24<01:35,  8.00s/it][A
Run validation:  63%|████████████████████████████████████████████████▊                            | 19/30 [02:32<01:28,  8.00s/it][A
Run validation:  67%|███████████████████████████████████████████████████▎                         | 20/30 [02:40<01:20,  8.00s/it][A
Run validation:  70%|█████████████████████████████████████████████████████▉                       | 21/30 [02:48<01:12,  8.00s/it][A
Run validation:  73%|████████████████████████████████████████████████████████▍                    | 22/30 [02:56<01:04,  8.01s/it][A
Run validation:  77%|███████████████████████████████████████████████████████████                  | 23/30 [03:04<00:56,  8.00s/it][A
Run validation:  80%|█████████████████████████████████████████████████████████████▌               | 24/30 [03:12<00:48,  8.00s/it][A
Run validation:  83%|████████████████████████████████████████████████████████████████▏            | 25/30 [03:20<00:40,  8.00s/it][A
Run validation:  87%|██████████████████████████████████████████████████████████████████▋          | 26/30 [03:28<00:32,  8.01s/it][A
Run validation:  90%|█████████████████████████████████████████████████████████████████████▎       | 27/30 [03:36<00:24,  8.01s/it][A
Run validation:  93%|███████████████████████████████████████████████████████████████████████▊     | 28/30 [03:44<00:16,  8.01s/it][A
Run validation:  97%|██████████████████████████████████████████████████████████████████████████▍  | 29/30 [03:52<00:08,  8.02s/it][A
Run validation: 100%|█████████████████████████████████████████████████████████████████████████████| 30/30 [04:00<00:00,  8.02s/it][ARun validation: 100%|█████████████████████████████████████████████████████████████████████████████| 30/30 [04:01<00:00,  8.04s/it]
Pred: [[126, 150, 1.0]], Label: [[82, 150]]
Pred: [[100, 120, 1.0]], Label: [[0, 16]]
Pred: [[120, 150, 1.0]], Label: [[40, 90]]
Pred: [[120, 144, 1.0]], Label: [[66, 96]]
Pred: [[126, 144, 1.0]], Label: [[134, 148]]
Pred: [[126, 150, 1.0]], Label: [[100, 104], [114, 136]]
Pred: [[120, 138, 1.0]], Label: [[58, 150]]
Pred: [[0, 150, 1.0]], Label: [[0, 32]]
Pred: [[126, 150, 1.0]], Label: [[58, 82], [96, 106], [124, 128], [138, 150]]


 --- Metrics for Each Threshold --- 
threshold   R1-at-0.5    *R1-at-0.7*    mAP          mAP-at-0.5   mAP-at-0.7   member       
--------------------------------------------------------------------------------------------
0.5000      15.8325      8.1950       7.6100       13.2775      6.9850       1.0000       

Some prediction from the best threshold: 
0000000000000000000001111
0000000000000000000011110
0000000000000000000011111
0000000000000000000011110
0000000000000000000001110
0000000000000000000001111
0000000000000000000011100
1111111111111111111111111
0000000000000000000001111
0000000000000000000011111
0000000000000000000011111
0000000000000000000011111
0000000000000000000011100
1111111111111111111111111
0000000000000000000011111
0000000000000000000001111
[2025-07-29 16:34:47,690] [INFO] [logging.py:107:log_dist] [Rank 0] [Torch] Checkpoint global_step112_R1-at-0.7-8.1950 is begin to save!
[2025-07-29 16:34:47,714] [INFO] [logging.py:107:log_dist] [Rank 0] Saving model checkpoint: /workspace/checkpoints/blip3-mr_grandfinale/global_step112_R1-at-0.7-8.1950/mp_rank_00_model_states.pt
